timestamp,service,status_code,response_time_ms,cpu_percent,memory_percent,healthy
2026-08-09 11:27:35,product-service,200,108.67,20.5,78.2,True
2026-08-09 11:27:41,product-service,200,41.59,20.3,78.6,True
2026-08-09 11:27:46,product-service,200,45.27,13.3,78.6,True
2026-08-09 11:27:51,product-service,200,53.85,13.1,78.5,True
2026-08-09 11:27:56,product-service,200,43.92,9.6,78.6,True
2026-08-09 11:28:01,product-service,200,42.65,11.8,78.5,True
2026-08-09 11:28:06,product-service,200,40.78,7.9,78.5,True
2026-08-09 11:28:12,product-service,200,40.94,17.9,78.7,True
2026-08-09 11:28:17,product-service,200,45.57,13.0,78.6,True
2026-08-09 11:28:22,product-service,200,49.23,19.4,82.5,True
2026-08-09 14:37:13,product-service,200,95.37,8.3,76.3,True
2026-08-09 14:37:18,product-service,200,56.85,15.6,76.4,True
2026-08-09 14:37:24,product-service,200,69.84,10.4,76.4,True
2026-08-09 14:37:29,product-service,200,49.84,14.5,76.2,True
2026-08-09 14:37:34,product-service,200,37.48,14.3,76.3,True
2026-08-09 14:37:39,product-service,200,62.06,11.1,76.5,True
2026-08-09 14:37:44,product-service,200,48.87,26.0,76.5,True
2026-08-09 14:37:50,product-service,200,141.44,18.5,76.6,True
2026-08-09 14:37:55,product-service,200,54.67,26.0,76.7,True
2026-08-09 14:38:00,product-service,200,58.94,15.5,76.7,True
2026-08-09 14:38:05,product-service,200,52.6,8.8,76.6,True
2026-08-09 15:57:30,product-service,200,152.94,8.3,80.5,True
2026-08-09 15:57:35,product-service,200,65.19,18.1,80.5,True
2026-08-09 15:57:40,product-service,200,69.37,10.8,80.5,True
2026-08-09 15:57:45,product-service,200,63.21,10.0,80.6,True
2026-08-09 15:57:51,product-service,200,47.37,12.3,80.6,True
2026-08-09 15:57:56,product-service,200,51.52,9.7,80.6,True
2026-08-09 15:58:01,product-service,200,49.75,9.5,80.6,True
2026-08-09 15:58:06,product-service,200,59.8,9.5,80.6,True
2026-08-09 16:35:44,product-service,200,44.62,8.9,78.5,True
2026-08-09 16:35:49,product-service,200,62.27,13.1,78.5,True
2026-08-09 16:35:54,product-service,200,58.82,8.8,78.4,True
2026-08-09 16:35:59,product-service,200,65.56,13.6,78.4,True
2026-08-09 16:36:04,product-service,200,69.14,15.8,78.5,True
2026-08-09 16:36:09,product-service,200,49.86,16.4,78.4,True
2026-08-09 16:36:15,product-service,200,55.23,11.3,78.4,True
2026-08-09 16:36:20,product-service,200,52.15,20.5,78.4,True
2026-08-09 16:36:25,product-service,200,38.07,10.1,78.4,True
2026-08-09 16:38:12,product-service,200,37.26,17.3,77.8,True
2026-08-09 16:38:17,product-service,200,49.87,8.3,77.8,True
2026-08-09 16:38:22,product-service,200,61.15,12.5,77.8,True
2026-08-09 16:38:28,product-service,200,68.43,9.9,77.9,True
2026-08-09 16:38:33,product-service,200,51.52,10.8,77.8,True
2026-08-09 16:38:38,product-service,200,55.0,17.1,77.8,True
2026-08-09 16:38:43,product-service,200,61.97,11.4,77.9,True
2026-08-09 16:38:48,product-service,200,62.94,10.4,77.9,True
2026-08-09 16:38:54,product-service,200,50.0,9.2,77.8,True
2026-08-09 16:38:59,product-service,200,50.5,10.1,77.8,True
2026-08-09 16:43:24,product-service,200,2044.74,8.3,77.9,True
2026-08-09 16:43:32,product-service,200,2062.97,9.5,77.9,True
2026-08-09 16:43:39,product-service,200,2054.14,9.7,77.9,True
2026-08-09 16:43:46,product-service,200,2058.3,14.7,77.8,True
2026-08-09 16:43:53,product-service,200,2057.35,20.8,78.4,True
2026-08-09 16:47:16,product-service,200,40.91,13.1,78.8,True
2026-08-09 16:47:21,product-service,200,61.44,10.0,78.7,True
2026-08-09 16:47:27,product-service,200,68.77,10.4,78.6,True
2026-08-09 16:47:32,product-service,200,48.18,9.7,78.6,True
2026-08-09 16:47:37,product-service,200,61.82,8.3,78.6,True
2026-08-09 16:47:42,product-service,200,38.61,11.6,78.6,True
2026-08-09 18:15:56,product-service,200,78.23,25.0,93.9,True
2026-08-09 18:16:01,product-service,200,62.3,46.3,94.1,True
2026-08-09 18:16:06,product-service,200,57.19,34.7,93.9,True
2026-08-09 18:16:11,product-service,200,59.7,12.0,93.9,True
2026-08-09 18:16:17,product-service,200,69.67,13.1,93.8,True
2026-08-09 18:16:22,product-service,200,62.54,22.2,93.7,True
2026-08-09 18:16:27,product-service,200,184.69,17.8,93.7,True
2026-08-09 18:16:32,product-service,200,67.72,23.8,93.7,True
2026-08-09 18:16:37,product-service,200,62.62,23.2,90.8,True
2026-08-09 18:16:43,product-service,200,63.77,8.3,91.0,True
2026-08-09 18:16:48,product-service,200,71.17,20.5,91.2,True
2026-08-09 18:16:53,product-service,200,72.68,21.1,91.3,True
2026-08-09 18:16:58,product-service,200,71.73,9.7,91.3,True
2026-08-09 18:17:03,product-service,200,55.29,15.3,91.2,True
2026-08-09 18:17:09,product-service,200,67.23,8.5,90.2,True
2026-08-09 18:17:14,product-service,200,59.69,24.7,90.4,True
2026-08-09 18:17:19,product-service,200,55.7,16.7,90.6,True
2026-08-09 18:17:24,product-service,200,56.06,30.1,90.9,True
2026-08-09 18:17:29,product-service,200,63.02,62.7,91.4,True
2026-08-09 18:17:35,product-service,200,66.98,34.8,91.8,True
2026-08-09 18:17:40,product-service,200,52.04,11.0,91.4,True
2026-08-09 18:17:45,product-service,200,64.72,43.1,91.4,True
2026-08-09 18:17:50,product-service,200,59.54,34.5,91.7,True
2026-08-09 18:17:55,product-service,200,61.39,19.4,92.4,True
2026-08-09 18:18:00,product-service,200,64.89,12.5,92.8,True
2026-08-09 18:18:06,product-service,200,173.88,12.3,92.2,True
2026-08-09 18:18:11,product-service,200,40.14,9.7,92.5,True
2026-08-09 18:18:16,product-service,200,61.66,20.5,92.3,True
2026-08-09 18:18:21,product-service,200,65.6,15.0,92.3,True
2026-08-09 18:18:26,product-service,200,63.65,12.5,92.2,True
2026-08-09 18:18:32,product-service,200,72.54,12.7,91.9,True
2026-08-09 18:18:37,product-service,200,53.87,27.0,91.9,True
2026-08-09 18:18:42,product-service,200,159.97,15.9,91.9,True
2026-08-09 18:18:47,product-service,200,62.13,11.0,91.8,True
2026-08-09 18:18:53,product-service,200,55.88,33.8,92.0,True
2026-08-09 18:18:58,product-service,200,60.58,14.5,92.1,True
2026-08-09 18:19:03,product-service,200,69.16,44.9,93.6,True
2026-08-09 18:19:08,product-service,200,140.95,12.2,93.7,True
2026-08-09 18:19:13,product-service,200,42.52,54.8,92.1,True
2026-08-09 18:19:18,product-service,200,61.47,11.0,93.2,True
2026-08-09 18:19:24,product-service,200,58.37,11.1,93.0,True
2026-08-09 18:19:29,product-service,200,58.93,11.7,94.8,True
2026-08-09 18:19:34,product-service,200,48.2,26.4,94.5,True
2026-08-09 18:19:41,product-service,200,2065.73,18.4,94.7,True
2026-08-09 18:19:46,product-service,200,66.03,18.3,94.2,True
2026-08-09 18:19:52,product-service,200,63.95,27.4,94.3,True
2026-08-09 18:19:57,product-service,200,70.92,23.3,94.1,True
2026-08-09 18:20:02,product-service,200,60.36,20.0,92.6,True
2026-08-09 18:20:07,product-service,200,54.59,19.4,92.6,True
2026-08-09 18:20:12,product-service,200,49.6,23.8,92.8,True
2026-08-09 18:20:18,product-service,200,63.04,22.2,92.8,True
2026-08-09 18:20:23,product-service,200,60.63,17.5,92.4,True
2026-08-09 18:20:28,product-service,200,63.54,13.0,92.4,True
2026-08-09 18:20:33,product-service,200,68.39,19.4,92.5,True
2026-08-09 18:20:38,product-service,200,62.14,13.9,92.5,True
2026-08-09 18:20:43,product-service,200,60.11,26.7,92.6,True
2026-08-09 18:20:49,product-service,200,62.23,26.0,93.0,True
2026-08-09 18:20:54,product-service,200,49.39,24.1,92.7,True
2026-08-09 18:20:59,product-service,200,64.59,12.5,92.7,True
2026-08-09 18:21:04,product-service,200,40.84,28.0,92.6,True
2026-08-09 18:21:09,product-service,200,44.84,9.7,92.6,True
2026-08-09 18:21:15,product-service,200,238.83,10.5,92.9,True
2026-08-09 18:21:20,product-service,200,96.57,58.3,93.7,True
2026-08-09 18:21:25,product-service,200,129.08,75.3,93.8,True
2026-08-09 18:21:30,product-service,200,117.59,37.2,94.3,True
2026-08-09 18:21:36,product-service,200,138.95,20.0,94.4,True
2026-08-09 18:21:41,product-service,200,131.57,32.9,94.3,True
2026-08-09 18:21:46,product-service,200,119.79,35.7,94.4,True
2026-08-09 18:21:51,product-service,200,106.92,31.2,94.2,True
2026-08-09 18:21:57,product-service,200,129.15,19.0,94.1,True
2026-08-09 18:22:02,product-service,200,123.15,83.7,93.8,True
2026-08-09 18:22:07,product-service,200,103.94,15.8,93.1,True
2026-08-09 18:22:12,product-service,200,138.7,11.1,93.1,True
2026-08-09 18:22:18,product-service,200,87.51,24.7,93.3,True
2026-08-09 18:22:23,product-service,200,86.54,22.2,93.5,True
2026-08-09 18:22:28,product-service,200,97.84,16.7,93.2,True
2026-08-09 18:22:33,product-service,200,85.28,19.7,93.4,True
2026-08-09 18:22:39,product-service,200,109.34,38.8,93.6,True
2026-08-09 18:22:44,product-service,200,91.12,28.4,93.8,True
2026-08-09 18:22:49,product-service,200,89.63,15.0,93.6,True
2026-08-09 18:22:54,product-service,200,104.33,8.8,93.1,True
2026-08-09 18:22:59,product-service,200,99.56,24.4,92.9,True
2026-08-09 18:23:05,product-service,200,117.93,17.7,92.9,True
2026-08-09 18:23:10,product-service,200,115.46,17.6,93.1,True
2026-08-09 18:23:15,product-service,200,129.51,26.4,92.7,True
2026-08-09 18:23:20,product-service,200,132.22,18.7,92.7,True
2026-08-09 18:23:26,product-service,200,109.42,15.5,92.7,True
2026-08-09 18:23:31,product-service,200,122.79,13.1,92.7,True
2026-08-09 18:23:36,product-service,200,110.19,24.7,93.0,True
2026-08-09 18:23:41,product-service,200,112.73,11.9,93.3,True
2026-08-09 18:23:47,product-service,200,104.37,25.3,93.1,True
2026-08-09 18:23:52,product-service,200,119.99,29.5,93.0,True
2026-08-09 18:23:57,product-service,200,123.75,22.8,93.0,True
2026-08-09 18:24:02,product-service,200,90.38,27.6,93.2,True
2026-08-09 18:24:08,product-service,200,121.86,12.0,93.1,True
2026-08-09 18:24:13,product-service,200,122.03,22.5,92.9,True
2026-08-09 18:24:18,product-service,200,105.1,43.7,93.0,True
2026-08-09 18:24:23,product-service,200,94.69,31.5,93.5,True
2026-08-09 18:24:29,product-service,200,128.57,28.6,93.5,True
2026-08-09 18:24:34,product-service,200,77.25,40.5,93.1,True
2026-08-09 18:24:39,product-service,200,103.17,19.7,93.0,True
2026-08-09 18:24:44,product-service,200,130.37,76.2,94.7,True
2026-08-09 18:24:50,product-service,200,132.07,18.5,95.0,True
2026-08-09 18:24:55,product-service,200,161.52,32.3,95.4,True
2026-08-09 18:25:00,product-service,200,130.34,19.5,95.3,True
2026-08-09 18:25:05,product-service,200,126.51,27.4,95.3,True
2026-08-09 18:25:11,product-service,200,102.29,32.5,95.6,True
2026-08-09 18:25:16,product-service,200,121.54,21.8,95.2,True
2026-08-09 18:25:21,product-service,200,144.22,40.0,95.2,True
2026-08-09 18:25:26,product-service,200,134.97,30.1,95.4,True
2026-08-09 18:25:32,product-service,200,134.05,51.4,95.9,True
2026-08-09 18:25:37,product-service,200,91.08,28.2,95.8,True
2026-08-09 18:25:42,product-service,200,141.03,25.6,95.9,True
2026-08-09 18:25:47,product-service,200,108.81,43.2,95.8,True
2026-08-09 18:25:53,product-service,200,131.75,37.5,96.8,True
2026-08-09 18:25:58,product-service,200,111.45,43.2,97.1,True
2026-08-09 18:26:03,product-service,200,132.3,32.4,96.7,True
2026-08-09 18:26:08,product-service,200,132.23,54.2,96.5,True
2026-08-09 18:26:14,product-service,200,129.48,31.9,96.1,True
2026-08-09 18:26:19,product-service,200,128.47,54.8,95.9,True
2026-08-09 18:26:24,product-service,200,122.38,50.0,95.8,True
2026-08-09 18:26:29,product-service,200,121.91,36.5,95.6,True
2026-08-09 18:26:35,product-service,200,100.55,58.1,95.9,True
2026-08-09 18:26:40,product-service,200,146.89,29.1,95.9,True
2026-08-09 18:26:45,product-service,200,108.3,33.8,95.4,True
2026-08-09 18:26:50,product-service,200,106.66,31.2,95.3,True
2026-08-09 18:26:56,product-service,200,145.25,39.5,95.3,True
2026-08-09 18:27:01,product-service,200,104.01,24.0,95.1,True
2026-08-09 18:27:06,product-service,200,106.12,41.4,95.2,True
2026-08-09 18:27:12,product-service,200,142.91,58.7,94.1,True
2026-08-09 18:27:17,product-service,200,160.27,48.6,92.6,True
2026-08-09 18:27:22,product-service,200,118.36,21.9,92.4,True
2026-08-09 18:27:27,product-service,200,119.39,28.4,92.4,True
2026-08-09 18:27:33,product-service,200,239.05,40.2,92.6,True
2026-08-09 18:27:38,product-service,200,108.91,29.2,92.6,True
2026-08-09 18:27:43,product-service,200,112.79,37.5,92.6,True
2026-08-09 18:27:48,product-service,200,108.88,46.4,92.6,True
2026-08-09 18:27:54,product-service,200,126.13,23.9,92.3,True
2026-08-09 18:27:59,product-service,200,144.53,32.4,92.4,True
2026-08-09 18:28:04,product-service,200,115.14,61.4,92.2,True
2026-08-09 18:28:09,product-service,200,118.34,24.3,92.2,True
2026-08-09 18:28:15,product-service,200,105.76,46.1,92.3,True
2026-08-09 18:28:20,product-service,200,116.33,10.7,92.0,True
2026-08-09 18:28:25,product-service,200,162.67,38.7,92.3,True
2026-08-09 18:28:31,product-service,200,138.13,52.7,93.1,True
2026-08-09 18:28:36,product-service,200,124.05,51.9,93.9,True
2026-08-09 18:28:41,product-service,200,98.69,59.1,93.7,True
2026-08-09 18:28:46,product-service,200,128.08,45.2,93.8,True
2026-08-09 18:28:52,product-service,200,119.9,77.8,94.0,True
2026-08-09 18:28:57,product-service,200,126.19,12.0,93.5,True
2026-08-09 18:29:02,product-service,200,101.26,18.6,93.3,True
2026-08-09 18:29:07,product-service,200,85.7,31.5,94.2,True
2026-08-09 18:29:12,product-service,200,67.94,19.2,93.4,True
2026-08-09 18:29:18,product-service,200,59.51,11.1,93.6,True
2026-08-09 18:29:23,product-service,200,63.58,17.8,93.5,True
2026-08-09 18:29:28,product-service,200,48.71,13.9,93.8,True
2026-08-09 18:29:33,product-service,200,60.82,17.9,93.2,True
2026-08-09 18:29:38,product-service,200,43.09,14.1,93.0,True
2026-08-09 18:29:43,product-service,200,65.32,17.8,93.1,True
2026-08-09 18:29:49,product-service,200,59.94,26.4,93.2,True
2026-08-09 18:29:54,product-service,200,69.02,15.1,93.1,True
2026-08-09 18:29:59,product-service,200,48.26,13.8,93.1,True
2026-08-09 18:30:04,product-service,200,49.19,12.2,93.2,True
2026-08-09 18:30:09,product-service,200,65.44,13.2,93.2,True
2026-08-09 18:30:15,product-service,200,63.46,15.9,93.6,True
2026-08-09 18:30:20,product-service,200,60.35,20.2,93.3,True
2026-08-09 18:30:25,product-service,200,66.85,18.1,93.2,True
2026-08-09 18:30:30,product-service,200,56.77,17.1,93.4,True
2026-08-09 18:30:35,product-service,200,49.47,9.7,93.1,True
2026-08-09 18:30:40,product-service,200,62.2,12.0,93.1,True
2026-08-09 18:30:46,product-service,200,65.68,9.5,93.1,True
2026-08-09 18:30:51,product-service,200,61.25,8.0,93.2,True
2026-08-09 18:30:56,product-service,200,57.17,20.0,93.3,True
2026-08-09 18:31:01,product-service,200,62.7,22.2,93.5,True
2026-08-09 18:31:06,product-service,200,40.01,13.7,93.1,True
2026-08-09 18:31:12,product-service,200,49.05,26.7,93.2,True
2026-08-09 18:31:17,product-service,200,51.87,14.5,93.1,True
2026-08-09 18:31:22,product-service,200,57.25,16.5,93.2,True
2026-08-09 18:31:27,product-service,200,56.34,20.8,93.6,True
2026-08-09 18:31:32,product-service,200,68.24,16.9,93.3,True
2026-08-09 18:31:37,product-service,200,61.99,11.8,93.1,True
2026-08-09 18:31:43,product-service,200,42.34,11.8,93.2,True
2026-08-09 18:31:48,product-service,200,65.89,17.8,93.1,True
2026-08-09 18:31:53,product-service,200,46.18,18.3,93.4,True
2026-08-09 18:31:58,product-service,200,54.16,26.2,93.3,True
2026-08-09 18:32:03,product-service,200,56.63,8.3,92.7,True
2026-08-09 18:32:08,product-service,200,45.4,11.1,92.8,True
2026-08-09 18:32:14,product-service,200,54.86,14.6,91.6,True
2026-08-09 18:32:19,product-service,200,50.09,28.1,91.6,True
2026-08-09 18:32:24,product-service,200,61.39,31.0,91.6,True
2026-08-09 18:32:29,product-service,200,71.39,20.5,92.2,True
2026-08-09 18:32:34,product-service,200,61.22,22.4,91.8,True
2026-08-09 18:32:40,product-service,200,65.78,23.6,92.1,True
2026-08-09 18:32:45,product-service,200,153.36,49.4,92.9,True
2026-08-09 18:32:50,product-service,200,60.23,35.6,93.9,True
2026-08-09 18:32:55,product-service,200,64.95,20.5,93.5,True
2026-08-09 18:33:00,product-service,200,67.28,25.6,92.6,True
2026-08-09 18:33:06,product-service,200,59.56,12.2,92.0,True
2026-08-09 18:33:11,product-service,200,57.05,14.3,92.1,True
2026-08-09 18:33:16,product-service,200,49.67,31.1,92.0,True
2026-08-09 18:33:21,product-service,200,51.12,12.9,91.7,True
2026-08-09 18:33:26,product-service,200,47.03,15.3,91.8,True
2026-08-09 18:33:31,product-service,200,65.15,8.3,92.0,True
2026-08-09 18:33:37,product-service,200,63.84,13.3,91.9,True
2026-08-09 18:33:42,product-service,200,56.66,8.3,93.0,True
2026-08-09 18:33:47,product-service,200,58.07,20.9,92.9,True
2026-08-09 18:33:52,product-service,200,146.17,23.4,92.7,True
2026-08-09 18:33:57,product-service,200,63.75,25.9,92.6,True
2026-08-09 18:34:03,product-service,200,49.33,13.9,92.6,True
2026-08-09 18:34:08,product-service,200,63.0,9.7,92.6,True
2026-08-09 18:34:13,product-service,200,64.66,19.4,92.5,True
2026-08-09 18:34:20,product-service,200,2063.2,13.7,92.9,True
2026-08-09 18:34:27,product-service,200,2050.95,37.8,92.8,True
2026-08-09 18:34:33,product-service,200,69.97,17.6,93.1,True
2026-08-09 18:34:38,product-service,200,165.54,9.2,93.1,True
2026-08-09 18:34:43,product-service,200,57.24,16.7,92.9,True
2026-08-09 18:34:48,product-service,200,63.44,18.8,92.9,True
2026-08-09 18:34:53,product-service,200,59.41,8.3,93.0,True
2026-08-09 18:34:59,product-service,200,57.39,15.6,93.0,True
2026-08-09 18:35:04,product-service,200,53.89,18.1,93.0,True
2026-08-09 18:35:09,product-service,200,58.08,22.2,92.9,True
2026-08-09 18:35:14,product-service,200,54.08,23.9,92.9,True
2026-08-09 18:35:19,product-service,200,169.2,16.9,92.9,True
2026-08-09 18:35:25,product-service,200,158.3,10.7,93.2,True
2026-08-09 18:35:30,product-service,200,55.37,15.8,93.1,True
2026-08-09 18:35:35,product-service,200,44.89,15.2,93.6,True
2026-08-09 18:35:40,product-service,200,51.73,49.3,94.2,True
2026-08-09 18:35:45,product-service,200,63.47,9.5,94.6,True
2026-08-09 18:35:51,product-service,200,57.99,35.1,95.0,True
2026-08-09 18:35:56,product-service,200,73.58,11.3,95.7,True
2026-08-09 18:36:01,product-service,200,64.4,22.2,95.6,True
2026-08-09 18:36:06,product-service,200,68.95,24.7,95.9,True
2026-08-09 18:36:11,product-service,200,52.24,16.7,95.4,True
2026-08-09 18:36:16,product-service,200,62.84,22.2,96.0,True
2026-08-09 18:36:22,product-service,200,65.7,11.1,95.8,True
2026-08-09 18:36:27,product-service,200,45.15,15.5,95.6,True
2026-08-09 18:36:32,product-service,200,56.87,17.1,95.7,True
2026-08-09 18:36:37,product-service,200,55.88,12.7,95.7,True
2026-08-09 18:36:42,product-service,200,51.98,40.5,96.0,True
2026-08-09 18:36:48,product-service,200,55.23,47.6,96.3,True
2026-08-09 18:36:53,product-service,200,57.35,14.7,96.1,True
2026-08-09 18:36:58,product-service,200,48.04,15.4,96.1,True
2026-08-09 18:37:03,product-service,200,56.74,26.4,95.7,True
2026-08-09 18:37:08,product-service,200,69.73,8.9,95.7,True
2026-08-09 18:37:13,product-service,200,54.92,9.7,92.7,True
2026-08-09 18:37:19,product-service,200,164.78,20.0,92.7,True
2026-08-09 18:37:24,product-service,200,153.07,13.5,92.9,True
2026-08-09 18:37:29,product-service,200,58.79,23.5,92.8,True
2026-08-09 18:37:34,product-service,200,52.82,11.1,92.7,True
2026-08-09 18:37:39,product-service,200,64.39,14.1,92.9,True
2026-08-09 18:37:45,product-service,200,59.12,15.5,92.9,True
2026-08-09 18:37:50,product-service,200,175.06,16.4,93.0,True
2026-08-09 18:37:55,product-service,200,72.14,28.2,93.6,True
2026-08-09 18:38:00,product-service,200,151.76,39.7,93.7,True
2026-08-09 18:38:06,product-service,200,51.63,40.5,94.1,True
2026-08-09 18:38:11,product-service,200,50.79,9.7,93.8,True
2026-08-09 18:38:16,product-service,200,62.09,20.9,93.6,True
2026-08-09 18:38:21,product-service,200,49.31,14.1,93.9,True
2026-08-09 18:38:26,product-service,200,70.1,17.5,94.1,True
2026-08-09 18:38:31,product-service,200,45.29,42.9,94.6,True
2026-08-09 18:38:37,product-service,200,67.37,21.7,94.1,True
2026-08-09 18:38:42,product-service,200,54.59,23.3,93.8,True
2026-08-09 18:38:47,product-service,200,58.77,22.5,94.8,True
2026-08-09 18:38:52,product-service,200,42.97,37.6,94.9,True
2026-08-09 18:38:57,product-service,200,82.94,82.2,96.5,True
2026-08-09 18:39:03,product-service,200,42.57,66.7,94.3,True
2026-08-09 18:39:08,product-service,200,56.07,25.3,94.4,True
2026-08-09 18:39:13,product-service,200,40.01,27.8,95.0,True
2026-08-09 18:39:18,product-service,200,55.27,56.2,95.1,True
2026-08-09 18:39:23,product-service,200,45.11,26.0,95.4,True
2026-08-09 18:39:28,product-service,200,51.65,19.4,95.4,True
2026-08-09 18:39:34,product-service,200,73.26,39.0,95.2,True
2026-08-09 18:39:39,product-service,200,66.66,35.7,94.7,True
2026-08-09 18:39:44,product-service,200,56.47,18.3,94.9,True
2026-08-09 18:39:49,product-service,200,149.69,19.3,95.0,True
2026-08-09 18:39:54,product-service,200,57.34,15.4,95.4,True
2026-08-09 18:40:00,product-service,200,49.01,32.4,95.2,True
2026-08-09 18:40:05,product-service,200,54.1,19.8,95.5,True
2026-08-09 18:40:10,product-service,200,50.33,28.6,94.6,True
2026-08-09 18:40:15,product-service,200,152.91,35.9,94.8,True
2026-08-09 18:40:20,product-service,200,63.92,63.0,89.9,True
2026-08-09 18:40:26,product-service,200,60.38,59.7,76.0,True
2026-08-09 18:40:31,product-service,200,74.57,30.6,67.0,True
2026-08-09 18:40:36,product-service,200,65.79,45.2,68.5,True
2026-08-09 18:40:41,product-service,200,157.46,50.0,69.7,True
2026-08-09 18:40:46,product-service,200,67.64,10.7,69.9,True
2026-08-09 18:40:52,product-service,200,47.91,50.7,71.5,True
2026-08-09 18:40:57,product-service,200,54.14,15.8,72.9,True
2026-08-09 18:41:02,product-service,200,60.51,19.4,73.0,True
2026-08-09 18:41:07,product-service,200,49.38,12.5,73.1,True
2026-08-09 18:41:12,product-service,200,43.24,34.9,73.3,True
2026-08-09 18:41:17,product-service,200,56.33,28.6,73.4,True
2026-08-09 18:41:23,product-service,200,56.64,15.3,72.3,True
2026-08-09 18:41:28,product-service,200,36.89,8.6,72.2,True
2026-08-09 18:41:33,product-service,200,59.33,14.5,72.4,True
2026-08-09 18:41:38,product-service,200,49.07,8.2,73.0,True
2026-08-09 18:41:43,product-service,200,52.91,14.1,73.1,True
2026-08-09 18:41:48,product-service,200,41.95,25.0,76.1,True
2026-08-09 18:41:54,product-service,200,57.84,31.5,75.9,True
2026-08-09 18:41:59,product-service,200,47.02,8.3,75.8,True
2026-08-09 18:42:04,product-service,200,54.44,9.5,76.2,True
2026-08-09 18:42:09,product-service,200,47.23,9.7,76.2,True
2026-08-09 18:42:14,product-service,200,60.86,19.7,76.6,True
2026-08-09 18:42:19,product-service,200,40.74,18.1,76.4,True
2026-08-09 18:42:25,product-service,200,36.81,16.4,76.6,True
2026-08-09 18:42:30,product-service,200,51.41,16.7,76.1,True
2026-08-09 18:42:35,product-service,200,48.41,13.3,76.2,True
2026-08-09 18:42:40,product-service,200,61.25,11.1,76.2,True
2026-08-09 18:42:45,product-service,200,50.12,9.2,76.1,True
2026-08-09 18:42:51,product-service,200,50.8,9.2,76.7,True
2026-08-09 18:42:56,product-service,200,35.37,14.6,77.1,True
2026-08-09 18:43:01,product-service,200,51.06,12.3,76.5,True
2026-08-09 18:43:06,product-service,200,49.86,16.9,76.9,True
2026-08-09 18:43:11,product-service,200,61.54,20.0,78.4,True
2026-08-09 18:43:16,product-service,200,65.86,12.7,80.4,True
2026-08-09 18:43:22,product-service,200,47.5,8.3,80.4,True
2026-08-09 18:43:27,product-service,200,48.79,15.9,80.0,True
2026-08-09 18:43:32,product-service,200,49.38,18.9,80.1,True
2026-08-09 18:43:37,product-service,200,53.09,18.1,80.1,True
2026-08-09 18:43:42,product-service,200,36.99,20.2,80.1,True
2026-08-09 18:43:47,product-service,200,35.96,15.3,80.0,True
2026-08-09 18:43:53,product-service,200,51.1,11.4,79.1,True
2026-08-09 18:43:58,product-service,200,51.56,12.9,79.0,True
2026-08-09 18:44:03,product-service,200,54.59,8.3,79.0,True
2026-08-09 18:44:08,product-service,200,158.76,11.4,79.1,True
2026-08-09 18:44:13,product-service,200,66.22,16.2,79.1,True
2026-08-09 18:44:19,product-service,200,144.73,8.6,79.0,True
2026-08-09 18:44:24,product-service,200,65.67,11.3,79.1,True
2026-08-09 18:44:29,product-service,200,37.66,10.5,79.0,True
2026-08-09 18:44:34,product-service,200,52.02,8.5,78.8,True
2026-08-09 18:44:39,product-service,200,55.65,17.7,78.8,True
2026-08-09 18:44:45,product-service,200,51.15,8.3,79.0,True
2026-08-09 18:44:50,product-service,200,149.25,14.9,79.0,True
2026-08-09 18:44:55,product-service,200,50.77,19.2,79.1,True
2026-08-09 18:45:00,product-service,200,57.77,9.0,79.3,True
2026-08-09 18:45:05,product-service,200,39.83,18.2,79.6,True
2026-08-09 18:45:11,product-service,200,45.01,40.0,79.9,True
2026-08-09 18:45:16,product-service,200,42.76,27.8,80.7,True
2026-08-09 18:45:21,product-service,200,37.95,22.1,79.8,True
2026-08-09 18:45:26,product-service,200,53.27,26.4,80.1,True
2026-08-09 18:45:31,product-service,200,42.23,19.0,80.4,True
2026-08-09 18:45:36,product-service,200,51.31,12.5,80.8,True
2026-08-09 18:45:42,product-service,200,59.42,16.7,79.7,True
2026-08-09 18:45:47,product-service,200,45.96,9.7,79.8,True
2026-08-09 18:45:52,product-service,200,37.34,15.3,79.6,True
2026-08-09 18:45:57,product-service,200,43.81,9.7,79.3,True
2026-08-09 18:46:02,product-service,200,55.84,17.8,79.4,True
2026-08-09 18:46:07,product-service,200,66.56,12.3,79.4,True
2026-08-09 18:46:13,product-service,200,59.85,12.7,79.4,True
2026-08-09 18:46:18,product-service,200,53.7,8.2,79.4,True
2026-08-09 18:46:23,product-service,200,44.41,16.4,79.1,True
2026-08-09 18:46:28,product-service,200,61.87,12.0,79.1,True
2026-08-09 18:46:33,product-service,200,39.85,26.4,79.3,True
2026-08-09 18:46:38,product-service,200,53.46,9.5,79.2,True
2026-08-09 18:46:44,product-service,200,61.3,26.4,78.3,True
2026-08-09 18:46:49,product-service,200,65.0,11.0,78.3,True
2026-08-09 18:46:54,product-service,200,48.41,20.2,78.3,True
2026-08-09 18:46:59,product-service,200,64.08,12.0,78.3,True
2026-08-09 18:47:04,product-service,200,62.36,9.4,78.5,True
2026-08-09 18:47:12,product-service,200,2041.24,24.1,78.7,True
2026-08-09 18:47:19,product-service,200,2037.9,14.7,78.6,True
2026-08-09 18:47:26,product-service,200,2048.2,14.5,78.6,True
2026-08-09 18:47:33,product-service,200,2058.15,13.5,78.5,True
2026-08-09 18:47:40,product-service,200,2061.5,11.0,78.5,True
2026-08-09 18:47:47,product-service,200,2034.33,13.6,78.5,True
2026-08-09 18:47:55,product-service,200,2069.95,20.5,78.4,True
2026-08-09 18:48:02,product-service,200,2055.67,10.9,78.4,True
2026-08-09 18:48:09,product-service,200,2055.96,11.9,78.5,True
2026-08-09 18:48:16,product-service,200,2037.68,25.0,78.6,True
2026-08-09 18:48:23,product-service,200,2055.67,16.7,78.6,True
2026-08-09 18:48:28,product-service,200,58.59,8.3,78.6,True
2026-08-09 18:48:34,product-service,200,50.46,16.5,78.6,True
2026-08-09 18:48:41,product-service,200,2053.63,9.9,78.6,True
2026-08-09 18:48:48,product-service,200,2049.34,11.0,78.4,True
2026-08-09 18:48:55,product-service,200,2064.69,8.5,78.4,True
2026-08-09 18:49:02,product-service,200,2059.01,16.9,78.0,True
2026-08-09 18:49:09,product-service,200,2058.44,31.1,78.1,True
2026-08-09 18:49:17,product-service,200,2046.09,11.8,78.1,True
2026-08-09 18:49:24,product-service,200,2066.74,20.0,78.2,True
2026-08-09 18:49:31,product-service,200,2064.16,11.0,78.0,True
2026-08-09 18:49:38,product-service,200,2054.21,17.4,78.2,True
2026-08-09 18:49:45,product-service,200,2063.74,10.1,78.2,True
2026-08-09 18:49:53,product-service,200,2060.63,21.0,78.4,True
2026-08-09 18:50:00,product-service,200,2044.91,16.4,78.6,True
2026-08-09 18:50:07,product-service,200,2049.14,10.5,78.5,True
2026-08-09 18:50:14,product-service,200,2041.57,8.1,78.5,True
2026-08-09 18:50:21,product-service,200,2039.97,12.0,78.4,True
2026-08-09 18:50:28,product-service,200,2048.78,25.0,78.3,True
2026-08-09 18:50:36,product-service,200,2041.71,10.6,78.3,True
2026-08-09 18:50:43,product-service,200,2057.97,20.5,78.6,True
2026-08-09 18:50:50,product-service,200,2157.18,13.0,78.5,True
2026-08-09 18:50:57,product-service,200,2062.91,15.5,78.4,True
2026-08-09 18:51:04,product-service,200,2063.05,11.1,78.6,True
2026-08-09 18:51:12,product-service,200,2057.82,13.5,78.6,True
2026-08-09 18:51:19,product-service,200,2044.75,9.7,78.7,True
2026-08-09 18:51:26,product-service,200,2035.86,8.2,78.6,True
2026-08-09 18:51:33,product-service,200,2051.98,22.2,78.2,True
2026-08-09 18:51:40,product-service,200,2051.67,24.7,78.4,True
2026-08-09 18:51:47,product-service,200,2058.5,14.1,78.5,True
2026-08-09 18:51:55,product-service,200,2050.88,11.0,78.6,True
2026-08-09 18:52:02,product-service,200,2037.87,8.7,78.8,True
2026-08-09 18:52:09,product-service,200,2053.12,12.0,78.7,True
2026-08-09 18:52:16,product-service,200,2172.65,8.8,78.6,True
2026-08-09 18:52:23,product-service,200,2056.02,23.1,78.5,True
2026-08-09 18:52:31,product-service,200,2054.26,18.1,78.5,True
2026-08-09 18:52:38,product-service,200,2050.87,30.6,78.6,True
2026-08-09 18:52:45,product-service,200,2038.01,12.3,78.7,True
2026-08-09 18:52:50,product-service,200,51.7,8.8,78.7,True
2026-08-09 18:52:57,product-service,200,2052.07,11.8,78.3,True
2026-08-09 18:53:04,product-service,200,2057.24,13.6,77.9,True
2026-08-09 18:53:12,product-service,200,2049.5,12.1,77.8,True
2026-08-09 18:53:19,product-service,200,2058.0,10.6,77.9,True
2026-08-09 18:53:26,product-service,200,2051.35,14.9,77.9,True
2026-08-09 18:53:33,product-service,200,2055.75,8.3,78.0,True
2026-08-09 18:53:40,product-service,200,2055.48,8.8,77.8,True
2026-08-09 18:53:47,product-service,200,2058.74,12.0,77.8,True
2026-08-09 18:53:55,product-service,200,2047.51,10.0,77.9,True
2026-08-09 18:54:02,product-service,200,2053.47,8.2,78.2,True
2026-08-09 18:54:09,product-service,200,2053.61,29.7,79.1,True
2026-08-09 18:54:16,product-service,200,2043.77,8.6,79.4,True
2026-08-09 18:54:23,product-service,200,2057.71,8.8,79.2,True
2026-08-09 18:54:30,product-service,200,2064.46,12.3,79.1,True
2026-08-09 18:54:38,product-service,200,2047.35,9.3,79.0,True
2026-08-09 18:54:45,product-service,200,2051.41,11.1,78.9,True
2026-08-09 18:54:52,product-service,200,2069.54,12.5,79.4,True
2026-08-09 18:54:59,product-service,200,2056.83,19.8,79.7,True
2026-08-09 18:55:06,product-service,200,2049.36,14.3,79.7,True
2026-08-09 18:55:14,product-service,200,2041.47,17.3,79.8,True
2026-08-09 18:55:21,product-service,200,2056.43,11.1,79.4,True
2026-08-09 18:55:28,product-service,200,2064.8,16.7,79.6,True
2026-08-09 18:55:35,product-service,200,2062.42,12.5,79.6,True
2026-08-09 18:55:42,product-service,200,2056.58,8.5,79.5,True
2026-08-09 18:55:49,product-service,200,2064.57,16.0,79.4,True
2026-08-09 18:55:57,product-service,200,2069.51,13.1,79.3,True
2026-08-09 18:56:04,product-service,200,2062.06,12.7,79.6,True
2026-08-09 18:56:11,product-service,200,2039.27,21.7,79.1,True
2026-08-09 18:56:18,product-service,200,2065.54,34.2,79.5,True
2026-08-09 18:56:23,product-service,200,38.68,11.1,79.4,True
2026-08-09 18:56:29,product-service,200,176.26,19.2,79.6,True
2026-08-09 18:56:36,product-service,200,2063.32,13.0,79.7,True
2026-08-09 18:56:43,product-service,200,2050.96,22.2,79.5,True
2026-08-09 18:56:50,product-service,200,2148.55,24.7,79.4,True
2026-08-09 18:56:57,product-service,200,2045.91,11.7,79.2,True
2026-08-09 18:57:05,product-service,200,2062.89,16.7,79.0,True
2026-08-09 18:57:12,product-service,200,2039.69,9.9,79.3,True
2026-08-09 18:57:19,product-service,200,2063.29,12.3,79.4,True
2026-08-09 18:57:26,product-service,200,2034.86,11.7,79.6,True
2026-08-09 18:57:33,product-service,200,2055.69,15.3,79.3,True
2026-08-09 18:57:41,product-service,200,2145.04,23.0,79.3,True
2026-08-09 18:57:48,product-service,200,2165.47,18.3,79.9,True
2026-08-09 18:57:55,product-service,200,2049.67,14.1,79.7,True
2026-08-09 18:58:02,product-service,200,2052.88,8.3,79.6,True
2026-08-09 18:58:09,product-service,200,2051.26,11.6,79.3,True
2026-08-09 18:58:17,product-service,200,2047.98,21.3,79.4,True
2026-08-09 18:58:24,product-service,200,2037.74,8.3,79.2,True
2026-08-09 18:58:31,product-service,200,2045.92,18.5,79.3,True
2026-08-09 18:58:38,product-service,200,2066.9,9.5,79.3,True
2026-08-09 18:58:45,product-service,200,2059.19,9.3,79.2,True
2026-08-09 18:58:52,product-service,200,2065.88,12.8,79.8,True
2026-08-09 18:59:00,product-service,200,2058.06,17.6,80.2,True
2026-08-09 18:59:07,product-service,200,2060.95,26.0,80.0,True
2026-08-09 18:59:14,product-service,200,2070.54,8.8,79.7,True
2026-08-09 18:59:21,product-service,200,2061.86,14.7,79.7,True
2026-08-09 18:59:28,product-service,200,2051.85,8.3,79.8,True
2026-08-09 18:59:35,product-service,200,2052.21,25.3,79.9,True
2026-08-09 18:59:43,product-service,200,2060.0,8.2,79.7,True
2026-08-09 18:59:50,product-service,200,2060.16,12.0,79.6,True
2026-08-09 18:59:57,product-service,200,2060.72,8.5,79.9,True
2026-08-09 19:00:04,product-service,200,2044.89,14.3,80.0,True
2026-08-09 19:00:11,product-service,200,2035.89,13.3,79.7,True
2026-08-09 19:00:16,product-service,200,49.89,23.8,79.7,True
2026-08-09 19:00:22,product-service,200,50.03,30.0,79.6,True
2026-08-09 19:00:27,product-service,200,38.5,9.9,79.7,True
2026-08-09 19:00:32,product-service,200,41.94,9.5,79.6,True
2026-08-09 19:00:37,product-service,200,50.31,12.5,79.7,True
2026-08-09 19:00:42,product-service,200,35.92,26.5,79.7,True
2026-08-09 19:00:47,product-service,200,47.95,9.7,80.0,True
2026-08-09 19:00:53,product-service,200,61.29,12.3,80.0,True
2026-08-09 19:00:58,product-service,200,46.82,13.9,80.2,True
2026-08-09 19:01:05,product-service,200,2047.41,14.9,79.8,True
2026-08-09 19:01:12,product-service,200,2059.85,12.3,79.6,True
2026-08-09 19:01:19,product-service,200,2056.75,10.4,79.7,True
2026-08-09 19:01:27,product-service,200,2051.91,9.3,79.6,True
2026-08-09 19:01:34,product-service,200,2062.63,9.3,79.7,True
2026-08-09 19:01:41,product-service,200,2061.99,13.1,79.5,True
2026-08-09 19:01:48,product-service,200,2049.17,11.0,80.6,True
2026-08-09 19:01:55,product-service,200,2053.17,20.8,79.8,True
2026-08-09 19:02:02,product-service,200,2068.07,11.4,79.9,True
2026-08-09 19:02:10,product-service,200,2051.91,8.5,79.9,True
2026-08-09 19:02:17,product-service,200,2061.4,12.0,79.9,True
2026-08-09 19:02:24,product-service,200,2056.14,45.7,80.7,True
2026-08-09 19:02:31,product-service,200,2053.28,62.2,79.1,True
2026-08-09 19:02:38,product-service,200,2056.35,25.6,82.1,True
2026-08-09 19:02:45,product-service,200,2066.47,34.2,82.2,True
2026-08-09 19:02:53,product-service,200,2041.64,31.7,81.9,True
2026-08-09 19:03:00,product-service,200,2045.19,13.0,82.0,True
2026-08-09 19:03:07,product-service,200,2045.89,21.5,81.4,True
2026-08-09 19:03:14,product-service,200,2058.98,16.7,82.0,True
2026-08-09 19:03:21,product-service,200,2060.69,16.7,82.8,True
2026-08-09 19:03:29,product-service,200,2059.71,35.0,82.4,True
2026-08-09 19:03:36,product-service,200,2053.36,20.8,80.8,True
2026-08-09 19:03:43,product-service,200,2161.31,15.7,78.8,True
2026-08-09 19:03:50,product-service,200,2036.83,15.5,78.8,True
2026-08-09 19:03:57,product-service,200,2047.02,9.6,78.4,True
2026-08-09 19:04:04,product-service,200,2059.34,12.2,78.3,True
2026-08-09 19:04:12,product-service,200,2054.31,10.4,78.1,True
2026-08-09 19:04:19,product-service,200,2061.75,22.0,79.6,True
2026-08-09 19:04:26,product-service,200,2053.37,13.9,80.2,True
2026-08-09 19:04:33,product-service,200,2051.31,13.9,79.2,True
2026-08-09 19:04:40,product-service,200,2040.44,31.1,79.6,True
2026-08-09 19:04:48,product-service,200,2066.93,32.1,80.3,True
2026-08-09 19:04:55,product-service,200,2059.45,18.2,81.0,True
2026-08-09 19:05:02,product-service,200,2052.39,23.6,80.5,True
2026-08-09 19:05:09,product-service,200,2064.81,24.3,80.6,True
2026-08-09 19:05:16,product-service,200,2050.59,27.4,88.0,True
2026-08-09 19:05:23,product-service,200,2047.81,16.0,89.4,True
2026-08-09 19:05:31,product-service,200,2057.2,43.2,89.2,True
2026-08-09 19:05:38,product-service,200,2069.96,16.2,89.5,True
2026-08-09 19:05:45,product-service,200,2165.82,23.1,89.9,True
2026-08-09 19:05:52,product-service,200,2165.19,30.0,90.2,True
2026-08-09 19:06:00,product-service,200,2079.56,48.1,90.5,True
2026-08-09 19:06:07,product-service,200,2056.04,28.8,90.8,True
2026-08-09 19:06:14,product-service,200,2050.53,25.0,91.5,True
2026-08-09 19:06:21,product-service,200,2059.31,26.6,92.5,True
2026-08-09 19:06:28,product-service,200,2049.24,9.5,91.3,True
2026-08-09 19:06:35,product-service,200,2052.87,11.3,91.1,True
2026-08-09 19:06:43,product-service,200,2062.29,13.1,90.5,True
2026-08-09 19:06:50,product-service,200,2169.47,30.0,90.7,True
2026-08-09 19:06:57,product-service,200,2059.16,17.6,90.1,True
2026-08-09 19:07:04,product-service,200,2044.93,20.8,91.5,True
2026-08-09 19:07:12,product-service,200,2180.53,15.3,92.8,True
2026-08-09 19:07:19,product-service,200,2064.98,12.0,93.3,True
2026-08-09 19:07:26,product-service,200,2057.6,45.8,93.0,True
2026-08-09 19:07:33,product-service,200,2068.79,36.7,93.1,True
2026-08-09 19:07:40,product-service,200,2043.33,8.3,93.1,True
2026-08-09 19:07:47,product-service,200,2063.23,22.4,93.3,True
2026-08-09 19:07:55,product-service,200,2070.82,21.2,93.5,True
2026-08-09 19:08:02,product-service,200,2055.83,29.6,92.4,True
2026-08-09 19:08:09,product-service,200,2061.56,15.3,92.3,True
2026-08-09 19:08:16,product-service,200,2041.36,11.0,92.3,True
2026-08-09 19:08:23,product-service,200,2048.54,14.5,92.1,True
2026-08-09 19:08:30,product-service,200,2041.04,26.4,93.7,True
2026-08-09 19:08:38,product-service,200,2061.43,23.6,93.4,True
2026-08-09 19:08:45,product-service,200,2160.84,11.8,93.4,True
2026-08-09 19:08:52,product-service,200,2054.9,12.5,93.3,True
2026-08-09 19:08:59,product-service,200,2038.79,21.6,94.2,True
2026-08-09 19:09:06,product-service,200,2047.26,25.7,96.6,True
2026-08-09 19:09:14,product-service,200,2067.83,18.8,92.9,True
2026-08-09 19:09:21,product-service,200,2060.33,11.0,92.9,True
2026-08-09 19:09:28,product-service,200,2068.94,27.0,92.8,True
2026-08-09 19:09:35,product-service,200,2064.89,8.8,92.7,True
2026-08-09 19:09:42,product-service,200,2159.23,12.3,92.7,True
2026-08-09 19:09:50,product-service,200,2073.72,13.3,92.7,True
2026-08-09 19:09:57,product-service,200,2072.37,13.5,92.9,True
2026-08-09 19:10:04,product-service,200,2057.3,22.6,93.7,True
2026-08-09 19:10:11,product-service,200,2060.68,32.1,92.3,True
2026-08-09 19:10:18,product-service,200,2065.87,34.7,93.1,True
2026-08-09 19:10:26,product-service,200,2077.24,12.5,92.8,True
2026-08-09 19:10:33,product-service,200,2133.29,78.8,93.6,True
2026-08-09 19:10:40,product-service,200,2058.54,12.7,94.0,True
2026-08-09 19:10:47,product-service,200,2073.59,41.2,94.4,True
2026-08-09 19:10:54,product-service,200,2047.08,21.8,94.3,True
2026-08-09 19:11:02,product-service,200,2067.58,20.0,93.8,True
2026-08-09 19:11:09,product-service,200,2171.21,56.3,93.9,True
2026-08-09 19:11:16,product-service,200,2056.73,17.6,92.7,True
2026-08-09 19:11:23,product-service,200,2052.66,15.1,95.4,True
2026-08-09 19:11:30,product-service,200,2058.39,11.0,92.0,True
2026-08-09 19:11:38,product-service,200,2061.97,15.2,91.6,True
2026-08-09 19:11:45,product-service,200,2163.43,8.5,91.5,True
2026-08-09 19:11:52,product-service,200,2062.7,16.0,91.3,True
2026-08-09 19:11:59,product-service,200,2178.54,17.6,91.2,True
2026-08-09 19:12:07,product-service,200,2052.61,19.3,91.1,True
2026-08-09 19:12:14,product-service,200,2068.4,15.2,91.1,True
2026-08-09 19:12:21,product-service,200,2054.51,8.5,90.4,True
2026-08-09 19:12:28,product-service,200,2051.24,10.9,90.4,True
2026-08-09 19:12:35,product-service,200,2039.74,21.1,90.4,True
2026-08-09 19:12:42,product-service,200,2158.31,24.3,90.2,True
2026-08-09 19:12:50,product-service,200,2042.79,9.7,90.2,True
2026-08-09 19:12:57,product-service,200,2058.46,14.9,90.1,True
2026-08-09 19:13:04,product-service,200,2053.03,19.2,90.1,True
2026-08-09 19:13:11,product-service,200,2176.16,26.0,90.0,True
2026-08-09 19:13:18,product-service,200,2055.04,29.5,89.8,True
2026-08-09 19:13:26,product-service,200,2050.83,13.2,89.7,True
2026-08-09 19:13:33,product-service,200,2041.26,26.4,89.6,True
2026-08-09 19:13:40,product-service,200,2063.43,16.7,89.5,True
2026-08-09 19:13:47,product-service,200,2056.54,9.7,89.1,True
2026-08-09 19:13:55,product-service,200,2168.68,14.7,89.1,True
2026-08-09 19:14:02,product-service,200,2053.74,12.7,88.6,True
2026-08-09 19:14:09,product-service,200,2062.33,9.5,88.5,True
2026-08-09 19:14:16,product-service,200,2057.1,14.3,88.5,True
2026-08-09 19:14:23,product-service,200,2064.26,10.8,88.4,True
2026-08-09 19:14:30,product-service,200,2059.86,17.5,88.7,True
2026-08-09 19:14:38,product-service,200,2059.39,11.3,88.6,True
2026-08-09 19:14:45,product-service,200,2067.37,15.1,88.5,True
2026-08-09 19:14:52,product-service,200,2060.64,14.3,88.5,True
2026-08-09 19:14:59,product-service,200,2045.0,11.0,88.4,True
2026-08-09 19:15:06,product-service,200,2068.2,16.7,88.6,True
2026-08-09 19:15:14,product-service,200,2056.54,13.0,88.5,True
2026-08-09 19:15:21,product-service,200,2068.85,20.8,88.5,True
2026-08-09 19:15:28,product-service,200,2058.92,39.0,88.4,True
2026-08-09 19:15:35,product-service,200,2058.23,9.7,88.5,True
2026-08-09 19:15:42,product-service,200,2041.76,9.8,88.6,True
2026-08-09 19:15:49,product-service,200,2036.74,19.0,86.1,True
2026-08-09 19:15:57,product-service,200,2054.55,12.5,86.1,True
2026-08-09 19:16:04,product-service,200,2049.12,11.2,86.3,True
2026-08-09 19:16:11,product-service,200,2061.34,18.2,86.2,True
2026-08-09 19:16:18,product-service,200,2062.95,12.7,86.1,True
2026-08-09 19:16:25,product-service,200,2062.41,19.5,86.2,True
2026-08-09 19:16:33,product-service,200,2058.85,22.2,85.9,True
2026-08-09 19:16:40,product-service,200,2062.47,39.7,85.9,True
2026-08-09 19:16:47,product-service,200,2067.19,24.7,85.9,True
2026-08-09 19:16:54,product-service,200,2059.05,9.7,86.0,True
2026-08-09 19:17:01,product-service,200,2042.22,13.8,85.9,True
2026-08-09 19:17:08,product-service,200,2063.09,8.1,85.9,True
2026-08-09 19:17:16,product-service,200,2054.34,14.5,85.9,True
2026-08-09 19:17:23,product-service,200,2052.92,18.5,85.0,True
2026-08-09 19:17:30,product-service,200,2049.43,21.5,85.0,True
2026-08-09 19:17:37,product-service,200,2062.88,9.5,84.9,True
2026-08-09 19:17:44,product-service,200,2174.11,13.3,84.7,True
2026-08-09 19:17:52,product-service,200,2056.89,10.7,84.7,True
2026-08-09 19:17:59,product-service,200,2055.46,11.8,84.6,True
2026-08-09 19:18:06,product-service,200,2051.92,9.4,84.5,True
2026-08-09 19:18:13,product-service,200,2055.78,10.6,84.4,True
2026-08-09 19:18:20,product-service,200,2169.56,11.0,85.2,True
2026-08-09 19:18:28,product-service,200,2053.18,9.5,84.8,True
2026-08-09 19:18:35,product-service,200,2059.32,13.9,84.8,True
2026-08-09 19:18:42,product-service,200,2051.28,9.8,84.8,True
2026-08-09 19:18:49,product-service,200,2041.9,17.8,86.2,True
2026-08-09 19:18:56,product-service,200,2052.04,9.5,86.5,True
2026-08-09 19:19:04,product-service,200,2052.4,10.8,86.3,True
2026-08-09 19:19:11,product-service,200,2070.58,16.0,86.2,True
2026-08-09 19:19:18,product-service,200,2048.38,32.1,86.4,True
2026-08-09 19:19:25,product-service,200,2051.03,12.2,86.0,True
2026-08-09 19:19:32,product-service,200,2043.12,11.5,85.9,True
2026-08-09 19:19:39,product-service,200,2058.71,13.0,85.8,True
2026-08-09 19:19:47,product-service,200,2060.48,18.1,86.1,True
2026-08-09 19:19:54,product-service,200,2055.42,28.8,86.2,True
2026-08-09 19:20:01,product-service,200,2080.47,10.5,86.4,True
2026-08-09 19:20:08,product-service,200,2060.75,15.0,86.6,True
2026-08-09 19:20:15,product-service,200,2067.19,9.2,86.5,True
2026-08-09 19:20:23,product-service,200,2050.61,23.3,86.6,True
2026-08-09 19:20:30,product-service,200,2036.42,12.9,86.6,True
2026-08-09 19:20:37,product-service,200,2056.22,17.9,86.7,True
2026-08-09 19:20:44,product-service,200,2050.23,13.0,86.5,True
2026-08-09 19:20:51,product-service,200,2059.48,17.5,86.6,True
2026-08-09 19:20:58,product-service,200,2053.79,8.3,86.4,True
2026-08-09 19:21:06,product-service,200,2052.18,12.5,86.3,True
2026-08-09 19:21:13,product-service,200,2065.09,8.3,87.3,True
2026-08-09 19:21:20,product-service,200,2062.43,12.5,88.9,True
2026-08-09 19:21:27,product-service,200,2055.44,12.5,89.4,True
2026-08-09 19:21:34,product-service,200,2063.47,7.5,87.7,True
2026-08-09 19:21:42,product-service,200,2061.74,20.8,87.7,True
2026-08-09 19:21:49,product-service,200,2041.96,11.9,88.7,True
2026-08-09 19:21:56,product-service,200,2061.22,11.1,88.6,True
2026-08-09 19:22:03,product-service,200,2048.53,21.3,89.3,True
2026-08-09 19:22:10,product-service,200,2055.69,12.5,89.4,True
2026-08-09 19:22:18,product-service,200,2176.4,43.9,89.5,True
2026-08-09 19:22:25,product-service,200,2062.45,26.0,89.5,True
2026-08-09 19:22:32,product-service,200,2064.26,17.1,89.7,True
2026-08-09 19:22:39,product-service,200,2050.65,18.1,89.5,True
2026-08-09 19:22:46,product-service,200,2039.7,24.0,90.2,True
2026-08-09 19:22:53,product-service,200,2049.71,12.5,90.5,True
2026-08-09 19:23:01,product-service,200,2042.95,13.9,90.3,True
2026-08-09 19:23:08,product-service,200,2054.17,12.5,90.8,True
2026-08-09 19:23:15,product-service,200,2055.49,9.6,90.7,True
2026-08-09 19:23:22,product-service,200,2046.23,12.5,91.1,True
2026-08-09 19:23:29,product-service,200,2056.37,23.6,91.2,True
2026-08-09 19:23:37,product-service,200,2057.26,18.9,91.6,True
2026-08-09 19:23:44,product-service,200,2057.18,14.3,91.4,True
2026-08-09 19:23:51,product-service,200,2063.82,8.5,91.7,True
2026-08-09 19:23:58,product-service,200,2070.23,22.4,91.9,True
2026-08-09 19:24:05,product-service,200,2059.57,26.2,92.2,True
2026-08-09 19:24:12,product-service,200,2043.79,22.5,92.6,True
2026-08-09 19:24:20,product-service,200,2173.08,24.0,92.8,True
2026-08-09 19:24:27,product-service,200,2043.21,13.9,93.8,True
2026-08-09 19:24:34,product-service,200,2183.22,82.4,94.3,True
2026-08-09 19:24:41,product-service,200,2042.54,12.3,93.8,True
2026-08-09 19:24:48,product-service,200,2040.94,15.1,93.6,True
2026-08-09 19:24:56,product-service,200,2057.15,29.2,94.1,True
2026-08-09 19:25:03,product-service,200,2052.22,35.7,94.2,True
2026-08-09 19:25:10,product-service,200,2170.61,56.9,94.4,True
2026-08-09 19:25:17,product-service,200,2067.0,18.4,94.4,True
2026-08-09 19:25:25,product-service,200,2072.9,13.1,94.7,True
2026-08-09 19:25:32,product-service,200,2153.76,35.1,95.0,True
2026-08-09 19:25:39,product-service,200,2070.35,10.0,95.0,True
2026-08-09 19:25:46,product-service,200,2043.78,27.7,95.2,True
2026-08-09 19:25:53,product-service,200,2095.67,69.4,95.7,True
2026-08-09 19:26:01,product-service,200,2072.63,61.2,96.2,True
2026-08-09 19:26:08,product-service,200,2054.44,9.5,95.9,True
2026-08-09 19:26:15,product-service,200,2043.22,8.3,96.0,True
2026-08-09 19:26:22,product-service,200,2056.93,12.9,96.4,True
2026-08-09 19:26:29,product-service,200,2077.66,62.4,96.6,True
2026-08-09 19:26:36,product-service,200,2050.74,15.3,96.9,True
2026-08-09 19:26:44,product-service,200,2057.64,28.2,96.8,True
2026-08-09 19:26:51,product-service,200,2065.3,20.5,96.8,True
2026-08-09 19:26:58,product-service,200,2067.24,13.5,96.7,True
2026-08-09 19:27:05,product-service,200,2181.75,32.9,96.9,True
2026-08-09 19:27:13,product-service,200,2069.77,26.4,97.0,True
2026-08-09 19:27:20,product-service,200,2065.31,8.3,96.8,True
2026-08-09 19:27:27,product-service,200,2064.62,20.5,96.6,True
2026-08-09 19:27:34,product-service,200,2064.74,11.4,96.8,True
2026-08-09 19:27:41,product-service,200,2101.89,39.3,97.0,True
2026-08-09 19:27:49,product-service,200,2064.89,65.3,96.5,True
2026-08-09 19:27:56,product-service,200,2050.08,19.4,96.5,True
2026-08-09 19:28:03,product-service,200,2169.76,41.1,96.7,True
2026-08-09 19:28:10,product-service,200,2046.25,40.3,96.4,True
2026-08-09 19:28:17,product-service,200,2053.34,9.7,96.6,True
2026-08-09 19:28:25,product-service,200,2061.93,13.3,96.8,True
2026-08-09 19:28:32,product-service,200,2039.67,20.0,96.9,True
2026-08-09 19:28:39,product-service,200,2054.53,22.7,96.0,True
2026-08-09 19:28:46,product-service,200,2055.16,10.8,95.5,True
2026-08-09 19:28:53,product-service,200,2055.04,39.3,96.0,True
2026-08-09 19:29:00,product-service,200,2066.67,14.5,96.1,True
2026-08-09 19:29:08,product-service,200,2065.47,39.1,96.1,True
2026-08-09 19:29:15,product-service,200,2071.52,19.2,96.4,True
2026-08-09 19:29:22,product-service,200,2132.33,70.7,96.7,True
2026-08-09 19:29:29,product-service,200,2058.26,17.1,97.1,True
2026-08-09 19:29:37,product-service,200,2195.35,98.6,97.7,True
2026-08-09 19:29:44,product-service,200,2080.55,89.3,96.9,True
2026-08-09 19:29:51,product-service,200,2055.17,19.7,97.1,True
2026-08-09 19:29:58,product-service,200,2118.52,28.8,97.1,True
2026-08-09 19:30:05,product-service,200,2055.22,30.3,96.8,True
2026-08-09 19:30:13,product-service,200,2086.93,14.7,96.4,True
2026-08-09 19:30:20,product-service,200,2066.66,22.2,94.6,True
2026-08-09 19:30:27,product-service,200,2058.78,18.7,94.5,True
2026-08-09 19:30:34,product-service,200,2116.27,68.5,96.5,True
2026-08-09 19:30:41,product-service,200,2088.12,35.4,97.1,True
2026-08-09 19:30:49,product-service,200,2169.19,32.9,97.1,True
2026-08-09 19:30:56,product-service,200,2059.04,22.9,94.9,True
2026-08-09 19:31:03,product-service,200,2058.85,12.5,94.2,True
2026-08-09 19:31:10,product-service,200,2046.24,15.6,94.6,True
2026-08-09 19:31:17,product-service,200,2052.98,34.5,95.1,True
2026-08-09 19:31:25,product-service,200,2058.95,45.2,97.8,True
2026-08-09 19:31:32,product-service,200,2129.23,100.0,97.6,True
2026-08-09 19:31:39,product-service,200,2045.17,26.7,95.2,True
2026-08-09 19:31:46,product-service,200,2045.92,28.7,96.1,True
2026-08-09 19:31:53,product-service,200,2061.88,19.8,96.4,True
2026-08-09 19:32:01,product-service,200,2082.66,37.3,96.6,True
2026-08-09 19:32:08,product-service,200,2049.71,29.3,90.9,True
2026-08-09 19:32:15,product-service,200,2040.72,44.7,91.5,True
2026-08-09 19:32:22,product-service,200,2044.18,35.3,92.0,True
2026-08-09 19:32:29,product-service,200,2354.13,15.3,87.5,True
2026-08-09 19:32:37,product-service,200,2064.86,57.5,88.5,True
2026-08-09 19:32:44,product-service,200,2059.46,24.4,88.0,True
2026-08-09 19:32:51,product-service,200,2069.92,12.3,87.9,True
2026-08-09 19:32:58,product-service,200,2063.96,44.4,88.6,True
2026-08-09 19:33:05,product-service,200,2094.2,98.6,92.4,True
2026-08-09 19:33:13,product-service,200,2116.21,84.0,96.6,True
2026-08-09 19:33:20,product-service,200,2185.64,35.3,96.7,True
2026-08-09 19:33:27,product-service,200,2195.38,22.6,97.6,True
2026-08-09 19:33:35,product-service,200,2166.73,16.7,94.6,True
2026-08-09 19:33:42,product-service,200,2058.33,31.1,95.0,True
2026-08-09 19:33:49,product-service,200,2082.29,65.5,95.7,True
2026-08-09 19:33:56,product-service,200,2164.65,38.4,95.0,True
2026-08-09 19:34:03,product-service,200,2059.89,73.1,95.0,True
2026-08-09 19:34:11,product-service,200,2050.43,19.4,95.1,True
2026-08-09 19:34:18,product-service,200,2062.25,16.4,94.9,True
2026-08-09 19:34:25,product-service,200,2046.99,37.0,95.1,True
2026-08-09 19:34:32,product-service,200,2152.21,20.5,95.1,True
2026-08-09 19:34:39,product-service,200,2079.87,34.7,95.1,True
2026-08-09 19:34:47,product-service,200,2068.36,20.3,95.3,True
2026-08-09 19:34:54,product-service,200,2053.22,16.7,95.3,True
2026-08-09 19:35:01,product-service,200,2059.21,32.9,95.7,True
2026-08-09 19:35:08,product-service,200,2176.15,26.9,95.5,True
2026-08-09 19:35:15,product-service,200,2060.53,42.4,95.6,True
2026-08-09 19:35:23,product-service,200,2041.85,29.3,95.6,True
2026-08-09 19:35:30,product-service,200,2069.4,20.8,95.7,True
2026-08-09 19:35:37,product-service,200,2071.15,14.3,95.8,True
2026-08-09 19:35:44,product-service,200,2071.6,9.7,96.0,True
2026-08-09 19:35:51,product-service,200,2060.0,25.4,95.6,True
2026-08-09 19:35:59,product-service,200,2059.24,29.4,95.6,True
2026-08-09 19:36:06,product-service,200,2064.48,13.9,95.8,True
2026-08-09 19:36:13,product-service,200,2183.21,29.3,96.2,True
2026-08-09 19:36:20,product-service,200,2061.3,17.8,96.1,True
2026-08-09 19:36:27,product-service,200,2062.5,22.2,96.3,True
2026-08-09 19:36:35,product-service,200,2071.79,17.8,93.8,True
2026-08-09 19:36:42,product-service,200,2045.58,33.8,93.9,True
2026-08-09 19:36:49,product-service,200,2164.38,13.9,93.9,True
2026-08-09 19:36:56,product-service,200,2044.86,13.5,94.2,True
2026-08-09 19:37:03,product-service,200,2062.95,14.9,94.5,True
2026-08-09 19:37:11,product-service,200,2058.36,14.5,94.5,True
2026-08-09 19:37:18,product-service,200,2060.1,29.7,95.3,True
2026-08-09 19:37:25,product-service,200,2159.98,15.0,92.9,True
2026-08-09 19:37:32,product-service,200,2057.4,18.1,92.8,True
2026-08-09 19:37:39,product-service,200,2045.31,25.0,93.7,True
2026-08-09 19:37:47,product-service,200,2058.01,23.6,94.3,True
2026-08-09 19:37:54,product-service,200,2065.46,28.8,95.5,True
2026-08-09 19:38:01,product-service,200,2074.23,35.9,95.5,True
2026-08-09 19:38:08,product-service,200,2058.44,38.4,95.7,True
2026-08-09 19:38:15,product-service,200,2053.89,21.4,94.1,True
2026-08-09 19:38:23,product-service,200,2068.65,20.5,93.9,True
2026-08-09 19:38:30,product-service,200,2082.37,13.1,93.9,True
2026-08-09 19:38:37,product-service,200,2171.2,15.1,92.4,True
2026-08-09 19:38:44,product-service,200,2150.58,25.0,92.6,True
2026-08-09 19:38:52,product-service,200,2164.56,11.1,93.1,True
2026-08-09 19:38:59,product-service,200,2038.94,25.3,92.8,True
2026-08-09 19:39:06,product-service,200,2055.95,8.3,93.0,True
2026-08-09 19:39:13,product-service,200,2045.91,19.4,93.0,True
2026-08-09 19:39:20,product-service,200,2039.49,20.0,93.0,True
2026-08-09 19:39:27,product-service,200,2066.48,21.1,91.4,True
2026-08-09 19:39:35,product-service,200,2161.81,23.6,91.4,True
2026-08-09 19:39:42,product-service,200,2039.9,43.0,95.1,True
2026-08-09 19:39:49,product-service,200,2065.89,16.7,93.8,True
2026-08-09 19:39:56,product-service,200,2056.49,14.9,79.9,True
2026-08-09 19:40:03,product-service,200,2053.16,27.8,79.2,True
2026-08-09 19:40:11,product-service,200,2045.68,21.4,80.4,True
2026-08-09 19:40:18,product-service,200,2059.21,15.5,82.2,True
2026-08-09 19:40:25,product-service,200,2055.72,13.9,82.0,True
2026-08-09 19:40:32,product-service,200,2147.2,26.4,83.4,True
2026-08-09 19:40:39,product-service,200,2050.22,67.4,86.4,True
2026-08-09 19:40:47,product-service,200,2058.66,21.2,87.2,True
2026-08-09 19:40:54,product-service,200,2064.13,9.3,87.2,True
2026-08-09 19:41:01,product-service,200,2053.99,8.6,86.7,True
2026-08-09 19:41:08,product-service,200,2052.56,20.2,85.7,True
2026-08-09 19:41:15,product-service,200,2059.0,14.1,84.5,True
2026-08-09 19:41:22,product-service,200,2038.24,23.8,84.8,True
2026-08-09 19:41:30,product-service,200,2051.43,9.3,84.8,True
2026-08-09 19:41:37,product-service,200,2036.36,18.9,84.8,True
2026-08-09 19:41:44,product-service,200,2058.45,13.9,84.7,True
2026-08-09 19:41:51,product-service,200,2037.07,11.1,86.9,True
2026-08-09 19:41:58,product-service,200,2052.81,10.7,87.0,True
2026-08-09 19:42:06,product-service,200,2050.28,13.6,86.8,True
2026-08-09 19:42:13,product-service,200,2050.43,11.8,86.8,True
2026-08-09 19:42:20,product-service,200,2176.42,21.9,86.3,True
2026-08-09 19:42:27,product-service,200,2062.04,19.8,86.7,True
2026-08-09 19:42:34,product-service,200,2061.76,18.1,86.9,True
2026-08-09 19:42:42,product-service,200,2051.29,8.3,87.2,True
2026-08-09 19:42:49,product-service,200,2048.16,25.0,86.4,True
2026-08-09 19:42:56,product-service,200,2182.6,15.1,87.1,True
2026-08-09 19:43:03,product-service,200,2057.03,28.2,89.0,True
2026-08-09 19:43:10,product-service,200,2038.84,11.7,86.2,True
2026-08-09 19:43:17,product-service,200,2062.18,18.1,85.7,True
2026-08-09 19:43:25,product-service,200,2065.0,15.8,87.1,True
2026-08-09 19:43:32,product-service,200,2069.39,12.5,87.4,True
2026-08-09 19:43:39,product-service,200,2061.66,10.7,87.8,True
2026-08-09 19:43:46,product-service,200,2126.77,19.5,87.5,True
2026-08-09 19:43:54,product-service,200,2227.85,15.9,87.1,True
2026-08-09 19:44:01,product-service,200,2114.38,26.4,87.2,True
2026-08-09 19:44:08,product-service,200,2113.87,14.1,87.3,True
2026-08-09 19:44:15,product-service,200,2109.38,9.5,87.5,True
2026-08-09 19:44:23,product-service,200,2103.57,29.9,86.5,True
2026-08-09 19:44:30,product-service,200,2120.78,13.6,86.9,True
2026-08-09 19:44:37,product-service,200,2108.82,12.5,86.5,True
2026-08-09 19:44:44,product-service,200,2133.04,36.8,87.1,True
2026-08-09 19:44:52,product-service,200,2123.05,8.2,86.4,True
2026-08-09 19:44:59,product-service,200,2121.16,11.0,86.6,True
2026-08-09 19:45:06,product-service,200,2123.2,15.9,86.9,True
2026-08-09 19:45:13,product-service,200,2193.03,16.4,86.7,True
2026-08-09 19:45:21,product-service,200,2119.85,87.8,89.6,True
2026-08-09 19:45:28,product-service,200,2127.07,79.1,90.9,True
2026-08-09 19:45:35,product-service,200,2160.41,64.0,91.4,True
2026-08-09 19:45:42,product-service,200,2107.64,39.5,91.6,True
2026-08-09 19:45:50,product-service,200,2106.49,34.7,91.8,True
2026-08-09 19:45:57,product-service,200,2133.61,56.2,92.0,True
2026-08-09 19:46:04,product-service,200,2125.36,24.7,91.2,True
2026-08-09 19:46:11,product-service,200,2101.55,46.2,91.4,True
2026-08-09 19:46:19,product-service,200,2216.43,33.3,91.0,True
2026-08-09 19:46:26,product-service,200,2100.16,43.9,90.8,True
2026-08-09 19:46:33,product-service,200,2098.55,55.4,91.8,True
2026-08-09 19:46:41,product-service,200,2117.24,78.2,91.4,True
2026-08-09 19:46:48,product-service,200,2136.98,41.2,91.0,True
2026-08-09 19:46:55,product-service,200,2103.47,45.1,91.3,True
2026-08-09 19:47:02,product-service,200,2147.5,41.4,91.1,True
2026-08-09 19:47:10,product-service,200,2147.76,46.3,91.0,True
2026-08-09 19:47:17,product-service,200,2122.7,32.9,91.3,True
2026-08-09 19:47:24,product-service,200,2112.4,42.0,91.0,True
2026-08-09 19:47:31,product-service,200,2128.03,51.3,91.8,True
2026-08-09 19:47:39,product-service,200,2134.13,41.1,92.8,True
2026-08-09 19:47:46,product-service,200,2101.19,25.3,92.6,True
2026-08-09 19:47:53,product-service,200,2150.02,53.5,92.7,True
2026-08-09 19:48:00,product-service,200,2096.57,38.8,92.3,True
2026-08-09 19:48:08,product-service,200,2092.69,43.2,92.2,True
2026-08-09 19:48:15,product-service,200,2086.22,47.9,92.1,True
2026-08-09 19:48:22,product-service,200,2101.03,30.1,92.2,True
2026-08-09 19:48:29,product-service,200,2103.04,23.5,92.2,True
2026-08-09 19:48:36,product-service,200,2091.11,22.2,92.3,True
2026-08-09 19:48:44,product-service,200,2074.95,27.9,92.2,True
2026-08-09 19:48:51,product-service,200,2091.48,32.9,92.3,True
2026-08-09 19:48:58,product-service,200,2090.26,41.3,92.4,True
2026-08-09 19:49:05,product-service,200,2083.39,54.9,92.5,True
2026-08-09 19:49:13,product-service,200,2111.92,30.8,92.5,True
2026-08-09 19:49:20,product-service,200,2107.67,15.1,91.4,True
2026-08-09 19:49:27,product-service,200,2105.39,11.8,91.4,True
2026-08-09 19:49:34,product-service,200,2105.55,13.2,91.4,True
2026-08-09 19:49:41,product-service,200,2115.8,50.6,91.9,True
2026-08-09 19:49:49,product-service,200,2099.92,13.5,92.6,True
2026-08-09 19:49:56,product-service,200,2114.29,15.4,92.5,True
2026-08-09 19:50:03,product-service,200,2106.83,30.4,92.1,True
2026-08-09 19:50:10,product-service,200,2120.9,27.1,92.1,True
2026-08-09 19:50:18,product-service,200,2092.22,18.8,91.9,True
2026-08-09 19:50:25,product-service,200,2098.64,32.5,92.0,True
2026-08-09 19:50:32,product-service,200,2092.55,8.3,91.8,True
2026-08-09 19:50:39,product-service,200,2131.16,25.0,91.9,True
2026-08-09 19:50:47,product-service,200,2100.39,31.0,91.8,True
2026-08-09 19:50:54,product-service,200,2113.36,9.5,91.8,True
2026-08-09 19:51:01,product-service,200,2124.96,13.9,91.9,True
2026-08-09 19:51:08,product-service,200,2109.83,24.3,91.9,True
2026-08-09 19:51:16,product-service,200,2103.68,23.2,91.9,True
2026-08-09 19:51:23,product-service,200,2097.35,39.8,92.5,True
2026-08-09 19:51:30,product-service,200,2094.99,14.1,92.5,True
2026-08-09 19:51:37,product-service,200,2106.64,22.7,92.5,True
2026-08-09 19:51:45,product-service,200,2232.06,17.4,92.2,True
2026-08-09 19:51:52,product-service,200,2116.24,9.5,92.4,True
2026-08-09 19:51:57,product-service,200,135.19,23.0,92.6,True
2026-08-09 19:52:02,product-service,200,210.11,16.1,92.6,True
2026-08-09 19:52:08,product-service,200,100.86,13.9,92.4,True
2026-08-09 19:52:13,product-service,200,118.68,16.2,92.4,True
2026-08-09 19:52:18,product-service,200,85.7,10.4,92.4,True
2026-08-09 19:52:23,product-service,200,82.84,50.0,91.4,True
2026-08-09 19:52:29,product-service,200,212.28,11.1,89.6,True
2026-08-09 19:52:34,product-service,200,102.78,11.4,89.9,True
2026-08-09 19:52:39,product-service,200,105.84,22.7,89.8,True
2026-08-09 19:52:44,product-service,200,225.8,25.9,89.8,True
2026-08-09 19:52:50,product-service,200,76.7,38.5,90.2,True
2026-08-09 19:52:55,product-service,200,106.86,13.6,89.7,True
2026-08-09 19:53:00,product-service,200,106.54,19.4,90.1,True
2026-08-09 19:53:05,product-service,200,121.06,22.7,90.3,True
2026-08-09 19:53:11,product-service,200,94.3,17.7,90.1,True
2026-08-09 19:53:16,product-service,200,205.79,17.6,90.1,True
2026-08-09 19:53:21,product-service,200,112.39,16.0,90.0,True
2026-08-09 19:53:26,product-service,200,113.08,43.4,89.9,True
2026-08-09 19:53:32,product-service,200,229.83,21.5,89.7,True
2026-08-09 19:53:37,product-service,200,110.52,20.8,89.9,True
2026-08-09 19:53:42,product-service,200,152.03,8.7,89.8,True
2026-08-09 19:53:48,product-service,200,122.77,13.7,89.8,True
2026-08-09 19:53:53,product-service,200,93.21,20.0,89.8,True
2026-08-09 19:53:58,product-service,200,116.05,10.1,90.0,True
2026-08-09 19:54:03,product-service,200,90.74,18.9,89.8,True
2026-08-09 19:54:08,product-service,200,90.99,19.2,90.1,True
2026-08-09 19:54:14,product-service,200,99.03,35.3,90.4,True
2026-08-09 19:54:19,product-service,200,93.67,21.1,90.5,True
2026-08-09 19:54:24,product-service,200,102.99,15.8,90.4,True
2026-08-09 19:54:29,product-service,200,103.18,57.1,91.5,True
2026-08-09 19:54:35,product-service,200,98.14,21.5,92.2,True
2026-08-09 19:54:40,product-service,200,92.21,39.2,92.2,True
2026-08-09 19:54:45,product-service,200,80.0,28.6,91.6,True
2026-08-09 19:54:50,product-service,200,133.99,21.8,91.7,True
2026-08-09 19:54:56,product-service,200,192.31,16.2,91.6,True
2026-08-09 19:55:01,product-service,200,131.53,11.0,91.5,True
2026-08-09 19:55:06,product-service,200,99.32,11.1,91.5,True
2026-08-09 19:55:11,product-service,200,67.99,20.5,91.5,True
2026-08-09 19:55:17,product-service,200,219.91,9.2,91.5,True
2026-08-09 19:55:24,product-service,200,2104.43,14.7,91.6,True
2026-08-09 19:55:29,product-service,200,104.68,30.1,91.6,True
2026-08-09 19:55:34,product-service,200,96.16,10.8,91.6,True
2026-08-09 19:55:40,product-service,200,106.09,13.9,91.7,True
2026-08-09 19:55:45,product-service,200,240.2,18.3,92.8,True
2026-08-09 19:55:50,product-service,200,123.2,14.1,93.0,True
2026-08-09 19:55:55,product-service,200,122.36,90.5,93.3,True
2026-08-09 19:56:01,product-service,200,169.59,68.4,96.1,True
2026-08-09 19:56:06,product-service,200,108.35,29.0,95.9,True
2026-08-09 19:56:11,product-service,200,107.58,10.3,96.0,True
2026-08-09 19:56:16,product-service,200,104.23,22.1,96.0,True
2026-08-09 19:56:22,product-service,200,126.51,29.3,95.8,True
2026-08-09 19:56:27,product-service,200,89.67,33.7,95.2,True
2026-08-09 19:56:32,product-service,200,114.69,21.9,94.0,True
2026-08-09 19:56:37,product-service,200,75.25,25.4,93.9,True
2026-08-09 19:56:43,product-service,200,91.39,32.9,94.9,True
2026-08-09 19:56:48,product-service,200,126.9,17.1,95.0,True
2026-08-09 19:56:55,product-service,200,2112.55,13.3,94.8,True
2026-08-09 19:57:00,product-service,200,130.14,12.9,94.5,True
2026-08-09 19:57:06,product-service,200,123.43,30.6,94.5,True
2026-08-09 19:57:11,product-service,200,225.35,14.6,94.4,True
2026-08-09 19:57:16,product-service,200,93.71,15.5,94.4,True
2026-08-09 19:57:21,product-service,200,103.78,11.1,94.3,True
2026-08-09 19:57:27,product-service,200,105.51,10.8,90.6,True
2026-08-09 19:57:32,product-service,200,112.15,25.4,90.7,True
2026-08-09 19:57:37,product-service,200,126.83,20.8,92.5,True
2026-08-09 19:57:42,product-service,200,80.45,69.8,92.7,True
2026-08-09 19:57:48,product-service,200,85.91,31.0,92.7,True
2026-08-09 19:57:53,product-service,200,93.44,29.5,92.8,True
2026-08-09 19:57:58,product-service,200,101.92,20.0,93.3,True
2026-08-09 19:58:03,product-service,200,106.41,11.4,93.6,True
2026-08-09 19:58:08,product-service,200,81.65,20.0,93.7,True
2026-08-09 19:58:14,product-service,200,132.62,43.8,94.1,True
2026-08-09 19:58:19,product-service,200,104.29,15.9,94.8,True
2026-08-09 19:58:24,product-service,200,91.01,34.6,93.8,True
2026-08-09 19:58:29,product-service,200,99.45,39.2,94.1,True
2026-08-09 19:58:35,product-service,200,108.61,31.8,94.0,True
2026-08-09 19:58:40,product-service,200,105.57,21.4,94.1,True
2026-08-09 19:58:45,product-service,200,100.74,32.1,94.2,True
2026-08-09 19:58:50,product-service,200,103.62,20.7,94.4,True
2026-08-09 19:58:56,product-service,200,101.14,34.3,94.6,True
2026-08-09 19:59:01,product-service,200,124.15,23.6,95.4,True
2026-08-09 19:59:06,product-service,200,105.59,20.8,96.4,True
2026-08-09 19:59:11,product-service,200,132.44,15.1,95.9,True
2026-08-09 19:59:17,product-service,200,126.2,9.0,95.5,True
2026-08-09 19:59:22,product-service,200,119.52,9.7,95.5,True
2026-08-09 19:59:27,product-service,200,110.19,20.3,95.5,True
2026-08-09 19:59:32,product-service,200,107.32,11.9,95.4,True
2026-08-09 19:59:38,product-service,200,144.58,35.7,96.2,True
2026-08-09 19:59:43,product-service,200,104.22,18.3,97.0,True
2026-08-09 19:59:48,product-service,200,121.14,14.3,97.1,True
2026-08-09 19:59:53,product-service,200,99.73,31.9,98.0,True
2026-08-09 19:59:59,product-service,200,114.05,50.0,97.3,True
2026-08-09 20:00:04,product-service,200,96.06,16.0,97.1,True
2026-08-09 20:00:09,product-service,200,101.46,38.6,97.5,True
2026-08-09 20:00:14,product-service,200,112.12,32.9,96.7,True
2026-08-09 20:00:19,product-service,200,105.8,44.4,97.7,True
2026-08-09 20:00:25,product-service,200,95.29,39.7,96.9,True
2026-08-09 20:00:30,product-service,200,110.38,65.9,96.9,True
2026-08-09 20:00:35,product-service,200,108.56,20.0,96.7,True
2026-08-09 20:00:40,product-service,200,110.62,9.3,97.0,True
2026-08-09 20:00:46,product-service,200,120.56,37.3,95.8,True
2026-08-09 20:00:51,product-service,200,108.99,24.3,97.2,True
2026-08-09 20:00:56,product-service,200,116.16,10.3,97.1,True
2026-08-09 20:01:01,product-service,200,105.49,24.6,96.4,True
2026-08-09 20:01:07,product-service,200,109.63,10.8,96.4,True
2026-08-09 20:01:12,product-service,200,95.54,16.0,95.4,True
2026-08-09 20:01:17,product-service,200,214.81,12.3,95.3,True
2026-08-09 20:01:22,product-service,200,109.19,26.6,94.7,True
2026-08-09 20:01:28,product-service,200,229.92,16.0,94.7,True
2026-08-09 20:01:33,product-service,200,101.51,10.0,94.7,True
2026-08-09 20:01:38,product-service,200,126.8,21.6,94.7,True
2026-08-09 20:01:43,product-service,200,122.15,9.3,94.5,True
2026-08-09 20:01:49,product-service,200,114.78,30.5,94.6,True
2026-08-09 20:01:54,product-service,200,86.22,17.6,94.1,True
2026-08-09 20:01:59,product-service,200,91.23,27.3,93.9,True
2026-08-09 20:02:04,product-service,200,94.72,11.6,93.9,True
2026-08-09 20:02:10,product-service,200,105.8,14.5,93.8,True
2026-08-09 20:02:15,product-service,200,98.88,12.0,93.6,True
2026-08-09 20:02:20,product-service,200,99.2,15.2,93.6,True
2026-08-09 20:02:25,product-service,200,101.58,21.1,93.6,True
2026-08-09 20:02:31,product-service,200,116.04,17.8,90.5,True
2026-08-09 20:02:36,product-service,200,115.64,11.0,90.4,True
2026-08-09 20:02:41,product-service,200,115.52,10.8,90.4,True
2026-08-09 20:02:46,product-service,200,121.97,35.1,90.4,True
2026-08-09 20:02:52,product-service,200,110.0,15.5,90.4,True
2026-08-09 20:02:57,product-service,200,137.23,10.3,90.4,True
2026-08-09 20:03:02,product-service,200,226.24,12.0,90.4,True
2026-08-09 20:03:07,product-service,200,108.91,10.0,90.5,True
2026-08-09 20:03:13,product-service,200,96.79,11.1,90.5,True
2026-08-09 20:03:18,product-service,200,103.95,18.8,90.5,True
2026-08-09 20:03:23,product-service,200,118.75,21.4,90.3,True
2026-08-09 20:03:28,product-service,200,84.87,27.4,90.3,True
2026-08-09 20:03:34,product-service,200,125.24,8.7,90.5,True
2026-08-09 20:03:39,product-service,200,109.59,13.1,90.4,True
2026-08-09 20:03:44,product-service,200,118.25,16.9,90.4,True
2026-08-09 20:03:49,product-service,200,102.45,23.3,90.4,True
2026-08-09 20:03:54,product-service,200,113.73,13.8,90.3,True
2026-08-09 20:04:00,product-service,200,199.33,10.3,90.2,True
2026-08-09 20:04:05,product-service,200,104.49,17.3,90.3,True
2026-08-09 20:04:10,product-service,200,111.98,19.2,90.2,True
2026-08-09 20:04:16,product-service,200,118.27,17.6,90.2,True
2026-08-09 20:04:21,product-service,200,204.79,22.5,90.3,True
2026-08-09 20:04:26,product-service,200,87.51,15.7,90.6,True
2026-08-09 20:04:31,product-service,200,83.72,19.2,91.4,True
2026-08-09 20:04:37,product-service,200,94.16,15.7,91.6,True
2026-08-09 20:04:42,product-service,200,100.53,27.9,92.2,True
2026-08-09 20:04:47,product-service,200,105.19,54.1,92.5,True
2026-08-09 20:04:52,product-service,200,109.99,22.7,91.7,True
2026-08-09 20:04:57,product-service,200,132.01,23.5,91.6,True
2026-08-09 20:05:03,product-service,200,86.09,27.4,91.4,True
2026-08-09 20:05:08,product-service,200,123.68,17.9,91.4,True
2026-08-09 20:05:13,product-service,200,83.5,18.6,91.4,True
2026-08-09 20:05:18,product-service,200,93.68,27.8,91.5,True
2026-08-09 20:05:24,product-service,200,115.52,28.6,91.9,True
2026-08-09 20:05:29,product-service,200,83.69,32.1,91.4,True
2026-08-09 20:05:34,product-service,200,91.95,17.1,91.3,True
2026-08-09 20:05:39,product-service,200,84.09,32.0,91.4,True
2026-08-09 20:05:45,product-service,200,107.54,31.9,91.9,True
2026-08-09 20:05:50,product-service,200,96.41,20.3,91.8,True
2026-08-09 20:05:55,product-service,200,97.95,27.8,91.7,True
2026-08-09 20:06:00,product-service,200,105.92,22.8,92.0,True
2026-08-09 20:06:05,product-service,200,80.84,39.7,91.9,True
2026-08-09 20:06:11,product-service,200,110.86,16.9,92.5,True
2026-08-09 20:06:16,product-service,200,97.03,19.7,92.7,True
2026-08-09 20:06:21,product-service,200,94.44,20.0,92.5,True
2026-08-09 20:06:26,product-service,200,78.44,37.8,92.9,True
2026-08-09 20:06:32,product-service,200,150.13,52.1,93.0,True
2026-08-09 20:06:39,product-service,200,2119.45,38.8,93.8,True
2026-08-09 20:06:46,product-service,200,2115.76,28.8,93.2,True
2026-08-09 20:06:53,product-service,200,2153.39,81.3,92.9,True
2026-08-09 20:07:01,product-service,200,2139.66,11.4,93.4,True
2026-08-09 20:07:08,product-service,200,2110.67,48.6,93.4,True
2026-08-09 20:07:15,product-service,200,2147.88,43.1,93.6,True
2026-08-09 20:07:22,product-service,200,2096.88,26.3,92.8,True
2026-08-09 20:07:30,product-service,200,2153.92,74.0,93.3,True
2026-08-09 20:07:37,product-service,200,2091.53,40.3,93.0,True
2026-08-09 20:07:44,product-service,200,2135.74,35.2,93.1,True
2026-08-09 20:07:51,product-service,200,2128.38,65.0,93.7,True
2026-08-09 20:07:59,product-service,200,2120.48,33.3,92.9,True
2026-08-09 20:08:06,product-service,200,2086.15,30.9,92.7,True
2026-08-09 20:08:13,product-service,200,2080.92,26.4,93.0,True
2026-08-09 20:08:20,product-service,200,2103.89,34.6,92.7,True
2026-08-09 20:08:28,product-service,200,2102.12,30.5,92.8,True
2026-08-09 20:08:35,product-service,200,2132.64,20.3,92.9,True
2026-08-09 20:08:42,product-service,200,2077.36,23.8,93.3,True
2026-08-09 20:08:49,product-service,200,2100.18,11.5,93.0,True
2026-08-09 20:08:57,product-service,200,2204.58,25.4,93.0,True
2026-08-09 20:09:04,product-service,200,2108.15,22.1,93.0,True
2026-08-09 20:09:11,product-service,200,2118.37,17.4,92.5,True
2026-08-09 20:09:18,product-service,200,2080.37,25.7,92.5,True
2026-08-09 20:09:26,product-service,200,2132.7,25.3,93.1,True
2026-08-09 20:09:33,product-service,200,2118.3,17.7,92.7,True
2026-08-09 20:09:40,product-service,200,2095.54,17.8,92.9,True
2026-08-09 20:09:47,product-service,200,2097.61,30.4,93.7,True
2026-08-09 20:09:54,product-service,200,2097.44,12.9,93.7,True
2026-08-09 20:10:02,product-service,200,2109.31,27.1,93.8,True
2026-08-09 20:10:09,product-service,200,2097.02,78.8,93.9,True
2026-08-09 20:10:16,product-service,200,2113.54,58.0,94.9,True
2026-08-09 20:10:23,product-service,200,2100.1,49.3,95.4,True
2026-08-09 20:10:31,product-service,200,2138.85,49.3,94.7,True
2026-08-09 20:10:38,product-service,200,2148.64,61.9,94.6,True
2026-08-09 20:10:45,product-service,200,2118.01,56.0,94.7,True
2026-08-09 20:10:52,product-service,200,2130.16,50.6,93.1,True
2026-08-09 20:11:00,product-service,200,2116.02,31.5,91.7,True
2026-08-09 20:11:07,product-service,200,2085.07,13.0,92.7,True
2026-08-09 20:11:14,product-service,200,2114.03,9.9,92.4,True
2026-08-09 20:11:21,product-service,200,2125.21,54.7,93.9,True
2026-08-09 20:11:29,product-service,200,2119.08,19.3,92.4,True
2026-08-09 20:11:36,product-service,200,2102.11,21.3,92.1,True
2026-08-09 20:11:43,product-service,200,2114.56,21.7,92.3,True
2026-08-09 20:11:50,product-service,200,2100.9,21.1,93.1,True
2026-08-09 20:11:58,product-service,200,2109.26,65.8,97.4,True
2026-08-09 20:12:05,product-service,200,2128.89,45.8,96.0,True
2026-08-09 20:12:12,product-service,200,2182.67,35.1,97.3,True
2026-08-09 20:12:19,product-service,200,2104.84,24.3,97.3,True
2026-08-09 20:12:27,product-service,200,2102.91,28.2,96.7,True
2026-08-09 20:12:34,product-service,200,2094.51,37.6,95.9,True
2026-08-09 20:12:41,product-service,200,2118.03,26.5,96.6,True
2026-08-09 20:12:48,product-service,200,2133.86,23.8,96.2,True
2026-08-09 20:12:56,product-service,200,2117.19,41.2,95.8,True
2026-08-09 20:13:03,product-service,200,2126.31,65.1,96.1,True
2026-08-09 20:13:10,product-service,200,2088.41,41.0,96.3,True
2026-08-09 20:13:17,product-service,200,2126.25,32.6,95.3,True
2026-08-09 20:13:25,product-service,200,2124.78,58.8,96.7,True
2026-08-09 20:13:32,product-service,200,2103.49,22.2,95.3,True
2026-08-09 20:13:39,product-service,200,2083.02,21.3,95.2,True
2026-08-09 20:13:46,product-service,200,2135.18,35.6,95.3,True
2026-08-09 20:13:54,product-service,200,2096.98,26.5,95.1,True
2026-08-09 20:14:01,product-service,200,2146.83,39.5,95.5,True
2026-08-09 20:14:08,product-service,200,2125.39,26.3,95.4,True
2026-08-09 20:14:15,product-service,200,2129.6,58.3,95.4,True
2026-08-09 20:14:21,product-service,200,122.98,66.7,96.0,True
2026-08-09 20:14:26,product-service,200,107.29,35.5,96.4,True
2026-08-09 20:14:31,product-service,200,99.67,32.1,96.2,True
2026-08-09 20:14:36,product-service,200,117.39,19.2,96.0,True
2026-08-09 20:14:42,product-service,200,100.98,12.3,96.1,True
2026-08-09 20:14:47,product-service,200,114.4,70.8,96.5,True
2026-08-09 20:14:52,product-service,200,115.07,73.3,97.3,True
2026-08-09 20:14:57,product-service,200,130.43,44.2,97.6,True
2026-08-09 20:15:03,product-service,200,138.56,52.9,97.7,True
2026-08-09 20:15:08,product-service,200,127.41,23.6,97.5,True
2026-08-09 20:15:13,product-service,200,103.16,22.9,97.3,True
2026-08-09 20:15:18,product-service,200,89.89,44.8,97.2,True
2026-08-09 20:15:24,product-service,200,121.42,21.4,97.0,True
2026-08-09 20:15:29,product-service,200,94.24,34.7,96.9,True
2026-08-09 20:15:34,product-service,200,129.37,66.7,96.9,True
2026-08-09 20:15:39,product-service,200,109.27,19.0,96.8,True
2026-08-09 20:15:44,product-service,200,135.22,27.8,96.8,True
2026-08-09 20:15:50,product-service,200,105.45,30.0,97.2,True
2026-08-09 20:15:55,product-service,200,100.89,17.5,97.1,True
2026-08-09 20:16:00,product-service,200,106.26,25.0,96.6,True
2026-08-09 20:16:05,product-service,200,103.52,26.7,96.2,True
2026-08-09 20:16:11,product-service,200,80.53,25.0,96.3,True
2026-08-09 20:16:16,product-service,200,133.51,20.0,96.4,True
2026-08-09 20:16:21,product-service,200,135.72,38.4,96.4,True
2026-08-09 20:16:26,product-service,200,108.16,11.6,96.9,True
2026-08-09 20:16:32,product-service,200,123.15,16.9,97.1,True
2026-08-09 20:16:37,product-service,200,112.62,30.7,96.7,True
2026-08-09 20:16:42,product-service,200,103.66,11.4,96.7,True
2026-08-09 20:16:47,product-service,200,167.55,39.0,94.1,True
2026-08-09 20:16:53,product-service,200,117.62,57.1,94.4,True
2026-08-09 20:16:58,product-service,200,92.83,28.8,94.3,True
2026-08-09 20:17:03,product-service,200,124.12,17.9,95.6,True
2026-08-09 20:17:08,product-service,200,103.25,11.6,95.6,True
2026-08-09 20:17:14,product-service,200,111.57,26.8,95.7,True
2026-08-09 20:17:19,product-service,200,166.53,63.0,95.9,True
2026-08-09 20:17:24,product-service,200,126.87,32.9,96.0,True
2026-08-09 20:17:29,product-service,200,108.33,35.7,96.2,True
2026-08-09 20:17:35,product-service,200,100.99,27.8,95.1,True
2026-08-09 20:17:40,product-service,200,87.02,34.1,94.9,True
2026-08-09 20:17:45,product-service,200,84.2,38.3,95.0,True
2026-08-09 20:17:50,product-service,200,159.42,35.3,95.2,True
2026-08-09 20:17:56,product-service,200,103.97,51.2,95.2,True
2026-08-09 20:18:01,product-service,200,117.83,31.5,95.4,True
2026-08-09 20:18:06,product-service,200,129.92,38.4,94.9,True
2026-08-09 20:18:11,product-service,200,134.67,25.7,94.8,True
2026-08-09 20:18:17,product-service,200,101.79,34.9,95.3,True
2026-08-09 20:18:22,product-service,200,88.61,38.4,95.5,True
2026-08-09 20:18:27,product-service,200,111.2,50.0,97.0,True
2026-08-09 20:18:32,product-service,200,142.3,44.0,96.9,True
2026-08-09 20:18:38,product-service,200,135.71,49.3,96.7,True
2026-08-09 20:18:43,product-service,200,125.16,11.1,96.8,True
2026-08-09 20:18:48,product-service,200,135.65,27.6,96.7,True
2026-08-09 20:18:53,product-service,200,191.9,40.8,97.2,True
2026-08-09 20:18:59,product-service,200,93.46,23.3,97.1,True
2026-08-09 20:19:04,product-service,200,123.76,52.4,96.2,True
2026-08-09 20:19:09,product-service,200,239.46,50.6,95.9,True
2026-08-09 20:19:14,product-service,200,131.11,29.2,95.8,True
2026-08-09 20:19:20,product-service,200,104.43,64.7,96.3,True
2026-08-09 20:19:25,product-service,200,195.92,37.9,96.2,True
2026-08-09 20:19:30,product-service,200,94.52,32.0,95.3,True
2026-08-09 20:19:35,product-service,200,97.89,33.3,95.6,True
2026-08-09 20:19:41,product-service,200,123.41,23.2,96.2,True
2026-08-09 20:19:46,product-service,200,117.35,60.8,96.8,True
2026-08-09 20:19:51,product-service,200,243.19,44.9,96.9,True
2026-08-09 20:19:57,product-service,200,120.74,45.2,96.8,True
2026-08-09 20:20:02,product-service,200,88.7,27.3,95.6,True
2026-08-09 20:20:07,product-service,200,118.22,22.6,95.3,True
2026-08-09 20:20:12,product-service,200,121.54,23.9,95.6,True
2026-08-09 20:20:18,product-service,200,113.31,29.6,95.8,True
2026-08-09 20:20:23,product-service,200,117.13,20.2,95.3,True
2026-08-09 20:20:28,product-service,200,107.02,50.0,95.8,True
2026-08-09 20:20:33,product-service,200,108.62,62.2,96.6,True
2026-08-09 20:20:39,product-service,200,251.7,37.8,96.8,True
2026-08-09 20:20:44,product-service,200,132.26,34.7,96.0,True
2026-08-09 20:20:49,product-service,200,134.22,17.9,95.9,True
2026-08-09 20:20:55,product-service,200,198.9,44.7,95.6,True
2026-08-09 20:21:00,product-service,200,115.99,36.1,92.7,True
2026-08-09 20:21:05,product-service,200,107.58,42.1,92.7,True
2026-08-09 20:21:10,product-service,200,128.4,54.5,92.9,True
2026-08-09 20:21:15,product-service,200,91.79,18.4,92.8,True
2026-08-09 20:21:21,product-service,200,101.06,18.1,92.4,True
2026-08-09 20:21:26,product-service,200,127.16,25.0,92.7,True
2026-08-09 20:21:31,product-service,200,99.86,8.2,92.6,True
2026-08-09 20:21:36,product-service,200,111.73,9.9,92.6,True
2026-08-09 20:21:42,product-service,200,112.8,13.0,92.7,True
2026-08-09 20:21:47,product-service,200,125.18,19.7,92.8,True
2026-08-09 20:21:52,product-service,200,218.09,35.4,93.3,True
2026-08-09 20:21:57,product-service,200,107.82,10.8,93.1,True
2026-08-09 20:22:03,product-service,200,116.26,18.8,93.3,True
2026-08-09 20:22:08,product-service,200,96.68,36.6,94.1,True
2026-08-09 20:22:13,product-service,200,150.97,23.9,94.1,True
2026-08-09 20:22:19,product-service,200,103.95,27.4,93.8,True
2026-08-09 20:22:24,product-service,200,134.14,28.6,94.7,True
2026-08-09 20:22:29,product-service,200,127.72,18.5,94.3,True
2026-08-09 20:22:34,product-service,200,124.28,35.3,94.1,True
2026-08-09 20:22:40,product-service,200,239.29,15.7,92.3,True
2026-08-09 20:22:45,product-service,200,119.27,31.2,92.5,True
2026-08-09 20:22:50,product-service,200,96.29,21.2,92.5,True
2026-08-09 20:22:55,product-service,200,111.17,16.2,92.5,True
2026-08-09 20:23:01,product-service,200,74.78,19.7,92.5,True
2026-08-09 20:23:06,product-service,200,108.36,14.7,92.4,True
2026-08-09 20:23:11,product-service,200,229.2,18.1,92.4,True
2026-08-09 20:23:16,product-service,200,111.13,16.7,92.5,True
2026-08-09 20:23:22,product-service,200,93.29,39.3,92.7,True
2026-08-09 20:23:27,product-service,200,90.56,39.0,92.8,True
2026-08-09 20:23:32,product-service,200,101.97,14.5,93.0,True
2026-08-09 20:23:37,product-service,200,114.17,19.8,93.6,True
2026-08-09 20:23:43,product-service,200,81.17,43.4,94.0,True
2026-08-09 20:23:48,product-service,200,83.8,10.0,93.9,True
2026-08-09 20:23:53,product-service,200,133.59,22.2,93.6,True
2026-08-09 20:23:58,product-service,200,111.32,36.8,93.0,True
2026-08-09 20:24:03,product-service,200,91.67,27.6,93.0,True
2026-08-09 20:24:09,product-service,200,131.53,26.6,93.0,True
2026-08-09 20:24:14,product-service,200,101.51,20.3,93.6,True
2026-08-09 20:24:19,product-service,200,130.11,23.2,93.5,True
2026-08-09 20:24:24,product-service,200,110.88,28.4,93.3,True
2026-08-09 20:24:30,product-service,200,106.34,33.3,93.8,True
2026-08-09 20:24:35,product-service,200,200.32,35.1,94.1,True
2026-08-09 20:24:40,product-service,200,107.73,33.8,95.6,True
2026-08-09 20:24:45,product-service,200,125.56,11.1,96.3,True
2026-08-09 20:24:51,product-service,200,105.43,25.0,96.9,True
2026-08-09 20:24:56,product-service,200,137.64,28.2,96.6,True
2026-08-09 20:25:01,product-service,200,77.17,35.6,96.6,True
2026-08-09 20:25:06,product-service,200,114.27,12.9,96.0,True
2026-08-09 20:25:12,product-service,200,112.95,16.2,96.2,True
2026-08-09 20:25:17,product-service,200,111.1,8.3,96.3,True
2026-08-09 20:25:22,product-service,200,74.35,67.5,96.4,True
2026-08-09 20:25:27,product-service,200,235.95,17.5,96.5,True
2026-08-09 20:25:33,product-service,200,109.5,20.0,96.5,True
2026-08-09 20:25:38,product-service,200,85.34,30.8,96.1,True
2026-08-09 20:25:43,product-service,200,118.93,18.3,95.8,True
2026-08-09 20:25:48,product-service,200,93.55,36.2,95.7,True
2026-08-09 20:25:54,product-service,200,91.59,40.0,96.0,True
2026-08-09 20:25:59,product-service,200,93.79,39.8,96.4,True
2026-08-09 20:26:04,product-service,200,119.71,35.5,96.8,True
2026-08-09 20:26:09,product-service,200,130.72,15.7,97.0,True
2026-08-09 20:26:15,product-service,200,103.75,22.5,96.3,True
2026-08-09 20:26:20,product-service,200,78.92,25.3,96.1,True
2026-08-09 20:26:25,product-service,200,101.08,18.3,96.3,True
2026-08-09 20:26:30,product-service,200,104.97,17.6,96.4,True
2026-08-09 20:26:35,product-service,200,111.66,15.2,96.4,True
2026-08-09 20:26:41,product-service,200,123.6,31.9,96.5,True
2026-08-09 20:26:46,product-service,200,94.48,41.2,96.4,True
2026-08-09 20:26:51,product-service,200,108.02,30.7,96.5,True
2026-08-09 20:26:56,product-service,200,103.99,30.6,96.6,True
2026-08-09 20:27:02,product-service,200,111.07,14.3,96.5,True
2026-08-09 20:27:07,product-service,200,113.86,23.2,96.4,True
2026-08-09 20:27:12,product-service,200,105.88,10.8,96.5,True
2026-08-09 20:27:17,product-service,200,84.69,24.6,96.5,True
2026-08-09 20:27:23,product-service,200,121.08,19.0,96.6,True
2026-08-09 20:27:28,product-service,200,84.76,11.9,96.6,True
2026-08-09 20:27:33,product-service,200,107.78,21.6,97.0,True
2026-08-09 20:27:38,product-service,200,99.01,13.5,95.8,True
2026-08-09 20:27:43,product-service,200,116.16,24.3,93.3,True
2026-08-09 20:27:49,product-service,200,120.41,10.1,93.3,True
2026-08-09 20:27:54,product-service,200,80.19,22.2,93.3,True
2026-08-09 20:27:59,product-service,200,92.4,26.8,93.6,True
2026-08-09 20:28:04,product-service,200,92.7,37.5,93.9,True
2026-08-09 20:28:10,product-service,200,96.11,20.0,93.4,True
2026-08-09 20:28:15,product-service,200,111.49,15.1,93.3,True
2026-08-09 20:28:20,product-service,200,222.02,16.2,93.0,True
2026-08-09 20:28:25,product-service,200,91.35,29.1,93.4,True
2026-08-09 20:28:31,product-service,200,115.6,29.5,93.8,True
2026-08-09 20:28:36,product-service,200,114.81,21.5,93.6,True
2026-08-09 20:28:41,product-service,200,76.02,24.2,93.3,True
2026-08-09 20:28:46,product-service,200,103.17,50.0,93.6,True
2026-08-09 20:28:52,product-service,200,130.71,34.6,95.6,True
2026-08-09 20:28:57,product-service,200,167.21,38.7,95.6,True
2026-08-09 20:29:02,product-service,200,103.71,15.5,95.4,True
2026-08-09 20:29:07,product-service,200,106.72,44.8,95.8,True
2026-08-09 20:29:13,product-service,200,129.17,27.8,95.9,True
2026-08-09 20:29:18,product-service,200,232.99,28.2,95.9,True
2026-08-09 20:29:23,product-service,200,157.36,21.2,95.9,True
2026-08-09 20:29:29,product-service,200,173.67,66.7,96.7,True
2026-08-09 20:29:34,product-service,200,192.98,60.8,96.2,True
2026-08-09 20:29:39,product-service,200,180.13,34.2,96.0,True
2026-08-09 20:29:45,product-service,200,176.26,41.2,96.5,True
2026-08-09 20:29:50,product-service,200,179.92,23.2,96.8,True
2026-08-09 20:29:55,product-service,200,289.98,26.7,96.6,True
2026-08-09 20:30:01,product-service,200,206.32,38.8,96.6,True
2026-08-09 20:30:06,product-service,200,185.4,50.0,94.5,True
2026-08-09 20:30:11,product-service,200,191.93,23.3,92.8,True
2026-08-09 20:30:17,product-service,200,187.19,44.4,92.8,True
2026-08-09 20:30:22,product-service,200,196.0,43.2,93.1,True
2026-08-09 20:30:27,product-service,200,163.29,38.1,92.7,True
2026-08-09 20:30:33,product-service,200,172.67,20.8,92.6,True
2026-08-09 20:30:38,product-service,200,171.03,21.1,92.9,True
2026-08-09 20:30:43,product-service,200,170.18,14.7,93.0,True
2026-08-09 20:30:48,product-service,200,150.41,10.4,93.0,True
2026-08-09 20:30:54,product-service,200,159.63,22.7,93.2,True
2026-08-09 20:30:59,product-service,200,171.85,23.9,93.2,True
2026-08-09 20:31:04,product-service,200,181.1,51.8,93.5,True
2026-08-09 20:31:10,product-service,200,168.37,44.7,93.5,True
2026-08-09 20:31:15,product-service,200,169.28,20.3,93.0,True
2026-08-09 20:31:20,product-service,200,180.11,53.7,93.0,True
2026-08-09 20:31:26,product-service,200,169.52,42.4,93.8,True
2026-08-09 20:31:31,product-service,200,171.03,15.9,93.8,True
2026-08-09 20:31:36,product-service,200,162.39,39.2,93.3,True
2026-08-09 20:31:42,product-service,200,176.28,67.1,93.3,True
2026-08-09 20:31:47,product-service,200,163.21,16.0,92.9,True
2026-08-09 20:31:52,product-service,200,173.87,29.8,93.0,True
2026-08-09 20:31:57,product-service,200,196.19,50.0,93.2,True
2026-08-09 20:32:03,product-service,200,159.41,15.1,92.9,True
2026-08-09 20:32:08,product-service,200,163.52,50.0,92.9,True
2026-08-09 20:32:13,product-service,200,177.77,37.5,92.9,True
2026-08-09 20:32:19,product-service,200,153.68,24.1,93.0,True
2026-08-09 20:32:24,product-service,200,99.71,42.5,92.9,True
2026-08-09 20:32:29,product-service,200,195.87,22.1,93.6,True
2026-08-09 20:32:34,product-service,200,90.37,29.6,93.6,True
2026-08-09 20:32:40,product-service,200,144.68,11.4,93.8,True
2026-08-09 20:32:45,product-service,200,138.76,10.3,92.3,True
2026-08-09 20:32:50,product-service,200,77.86,32.9,92.4,True
2026-08-09 20:32:55,product-service,200,108.63,18.3,92.0,True
2026-08-09 20:33:01,product-service,200,147.62,26.7,93.3,True
2026-08-09 20:33:06,product-service,200,103.57,41.1,93.1,True
2026-08-09 20:33:11,product-service,200,126.37,17.8,93.3,True
2026-08-09 20:33:16,product-service,200,115.15,19.7,92.8,True
2026-08-09 20:33:22,product-service,200,107.03,16.9,92.8,True
2026-08-09 20:33:27,product-service,200,104.9,61.2,93.1,True
2026-08-09 20:33:32,product-service,200,125.75,13.9,93.0,True
2026-08-09 20:33:37,product-service,200,125.01,28.0,93.2,True
2026-08-09 20:33:43,product-service,200,93.8,43.5,93.2,True
2026-08-09 20:33:48,product-service,200,119.83,17.3,92.8,True
2026-08-09 20:33:53,product-service,200,76.64,29.9,93.4,True
2026-08-09 20:33:58,product-service,200,131.6,12.0,92.9,True
2026-08-09 20:34:04,product-service,200,133.5,16.2,92.8,True
2026-08-09 20:34:09,product-service,200,105.45,35.4,92.5,True
2026-08-09 20:34:14,product-service,200,129.55,27.2,92.7,True
2026-08-09 20:34:19,product-service,200,103.39,60.2,92.4,True
2026-08-09 20:34:25,product-service,200,110.11,13.9,92.4,True
2026-08-09 20:34:30,product-service,200,125.51,56.8,94.2,True
2026-08-09 20:34:35,product-service,200,138.95,67.4,92.8,True
2026-08-09 20:34:40,product-service,200,114.26,17.3,93.0,True
2026-08-09 20:34:46,product-service,200,103.19,27.6,92.5,True
2026-08-09 20:34:51,product-service,200,82.05,29.1,92.5,True
2026-08-09 20:34:56,product-service,200,106.48,25.0,94.3,True
2026-08-09 20:35:01,product-service,200,109.06,54.2,94.4,True
2026-08-09 20:35:07,product-service,200,133.87,56.0,95.1,True
2026-08-09 20:35:12,product-service,200,100.83,32.9,95.0,True
2026-08-09 20:35:17,product-service,200,108.64,31.2,94.9,True
2026-08-09 20:35:22,product-service,200,122.81,13.8,94.9,True
2026-08-09 20:35:28,product-service,200,104.99,16.5,94.9,True
2026-08-09 20:35:33,product-service,200,116.29,32.0,94.9,True
2026-08-09 20:35:38,product-service,200,98.02,55.6,95.0,True
2026-08-09 20:35:43,product-service,200,84.9,19.2,95.3,True
2026-08-09 20:35:49,product-service,200,133.5,19.5,95.3,True
2026-08-09 20:35:54,product-service,200,244.6,12.3,95.3,True
2026-08-09 20:35:59,product-service,200,91.32,18.9,95.3,True
2026-08-09 20:36:04,product-service,200,135.62,60.6,95.3,True
2026-08-09 20:36:10,product-service,200,112.25,55.6,96.5,True
2026-08-09 20:36:15,product-service,200,123.73,13.9,96.6,True
2026-08-09 20:36:20,product-service,200,88.94,20.3,96.4,True
2026-08-09 20:36:25,product-service,200,124.44,15.3,96.3,True
2026-08-09 20:36:31,product-service,200,108.46,34.3,96.3,True
2026-08-09 20:36:36,product-service,200,114.89,32.8,96.7,True
2026-08-09 20:36:41,product-service,200,139.2,20.5,96.7,True
2026-08-09 20:36:46,product-service,200,103.71,21.8,96.7,True
2026-08-09 20:36:52,product-service,200,236.45,17.5,96.5,True
2026-08-09 20:36:57,product-service,200,137.11,8.5,96.5,True
2026-08-09 20:37:02,product-service,200,223.04,8.5,96.5,True
2026-08-09 20:37:08,product-service,200,96.76,54.9,96.5,True
2026-08-09 20:37:13,product-service,200,124.06,28.4,96.7,True
2026-08-09 20:37:18,product-service,200,124.68,16.2,96.6,True
2026-08-09 20:37:23,product-service,200,104.75,14.1,96.6,True
2026-08-09 20:37:29,product-service,200,115.59,47.4,96.9,True
2026-08-09 20:37:34,product-service,200,121.21,24.7,97.0,True
2026-08-09 20:37:39,product-service,200,138.92,8.5,97.1,True
2026-08-09 20:37:44,product-service,200,122.57,60.0,93.3,True
2026-08-09 20:37:50,product-service,200,122.45,27.5,93.4,True
2026-08-09 20:37:55,product-service,200,98.53,22.5,93.0,True
2026-08-09 20:38:00,product-service,200,133.11,12.0,93.0,True
2026-08-09 20:38:05,product-service,200,105.56,19.2,92.0,True
2026-08-09 20:38:11,product-service,200,108.52,32.4,92.2,True
2026-08-09 20:38:16,product-service,200,150.02,28.7,93.7,True
2026-08-09 20:38:21,product-service,200,121.47,26.7,93.8,True
2026-08-09 20:38:26,product-service,200,99.08,21.0,93.0,True
2026-08-09 20:38:32,product-service,200,113.94,19.0,93.0,True
2026-08-09 20:38:37,product-service,200,110.22,43.1,92.7,True
2026-08-09 20:38:42,product-service,200,128.1,41.6,92.6,True
2026-08-09 20:38:47,product-service,200,104.64,16.9,92.6,True
2026-08-09 20:38:53,product-service,200,142.59,18.8,92.4,True
2026-08-09 20:38:58,product-service,200,123.69,14.3,92.5,True
2026-08-09 20:39:03,product-service,200,112.56,26.8,92.6,True
2026-08-09 20:39:08,product-service,200,113.05,22.4,92.6,True
2026-08-09 20:39:14,product-service,200,107.6,25.4,92.6,True
2026-08-09 20:39:19,product-service,200,108.31,14.3,92.7,True
2026-08-09 20:39:24,product-service,200,94.72,19.4,92.3,True
2026-08-09 20:39:29,product-service,200,81.24,20.8,92.4,True
2026-08-09 20:39:35,product-service,200,132.1,15.2,92.4,True
2026-08-09 20:39:40,product-service,200,129.95,29.0,92.4,True
2026-08-09 20:39:45,product-service,200,135.78,26.6,92.5,True
2026-08-09 20:39:50,product-service,200,105.8,15.8,92.6,True
2026-08-09 20:39:56,product-service,200,120.6,18.0,92.6,True
2026-08-09 20:40:01,product-service,200,101.73,40.2,92.7,True
2026-08-09 20:40:06,product-service,200,103.59,13.2,92.4,True
2026-08-09 20:40:11,product-service,200,137.37,11.4,92.0,True
2026-08-09 20:40:17,product-service,200,143.77,16.9,92.0,True
2026-08-09 20:40:22,product-service,200,126.26,21.5,92.1,True
2026-08-09 20:40:27,product-service,200,129.23,9.7,92.4,True
2026-08-09 20:40:32,product-service,200,85.29,36.5,92.4,True
2026-08-09 20:40:38,product-service,200,122.34,28.0,92.5,True
2026-08-09 20:40:43,product-service,200,90.99,21.4,92.5,True
2026-08-09 20:40:48,product-service,200,121.33,13.3,92.6,True
2026-08-09 20:40:53,product-service,200,134.95,13.0,92.5,True
2026-08-09 20:40:59,product-service,200,121.98,17.1,92.8,True
2026-08-09 20:41:04,product-service,200,124.8,55.2,93.1,True
2026-08-09 20:41:09,product-service,200,101.04,35.6,93.3,True
2026-08-09 20:41:14,product-service,200,118.01,24.0,93.3,True
2026-08-09 20:41:20,product-service,200,106.99,10.8,93.6,True
2026-08-09 20:41:25,product-service,200,105.34,39.5,93.4,True
2026-08-09 20:41:30,product-service,200,121.74,23.4,93.4,True
2026-08-09 20:41:35,product-service,200,118.92,15.9,93.5,True
2026-08-09 20:41:41,product-service,200,96.89,19.2,93.4,True
2026-08-09 20:41:46,product-service,200,124.84,20.3,93.6,True
2026-08-09 20:41:51,product-service,200,134.02,54.1,93.6,True
2026-08-09 20:41:56,product-service,200,142.55,40.2,93.6,True
2026-08-09 20:42:02,product-service,200,98.9,32.9,93.5,True
2026-08-09 20:42:07,product-service,200,111.46,21.6,93.4,True
2026-08-09 20:42:12,product-service,200,121.95,19.2,93.6,True
2026-08-09 20:42:17,product-service,200,108.29,14.7,93.6,True
2026-08-09 20:42:23,product-service,200,105.52,24.7,93.6,True
2026-08-09 20:42:28,product-service,200,111.42,14.5,93.6,True
2026-08-09 20:42:33,product-service,200,127.59,16.5,93.6,True
2026-08-09 20:42:38,product-service,200,84.85,33.7,93.5,True
2026-08-09 20:42:44,product-service,200,136.04,65.2,93.0,True
2026-08-09 20:42:49,product-service,200,126.14,36.0,90.5,True
2026-08-09 20:42:54,product-service,200,108.93,26.4,90.5,True
2026-08-09 20:42:59,product-service,200,64.63,23.9,90.5,True
2026-08-09 20:43:04,product-service,200,60.66,20.7,92.8,True
2026-08-09 22:00:04,product-service,200,236.29,100.0,95.2,True
2026-08-09 22:00:10,product-service,200,253.76,100.0,98.1,True
2026-08-09 22:00:15,product-service,200,164.53,87.2,97.8,True
2026-08-09 22:00:20,product-service,200,72.56,30.5,94.8,True
2026-08-09 22:00:26,product-service,200,91.86,9.1,94.6,True
2026-08-09 22:00:31,product-service,200,63.23,30.7,94.4,True
2026-08-09 22:00:36,product-service,200,67.72,20.5,94.4,True
2026-08-09 22:00:41,product-service,200,66.15,18.1,94.6,True
2026-08-09 22:00:46,product-service,200,65.02,18.8,94.3,True
2026-08-09 22:00:52,product-service,200,73.97,32.9,93.2,True
2026-08-09 22:00:57,product-service,200,68.61,32.9,93.1,True
2026-08-09 22:01:02,product-service,200,86.22,34.4,93.0,True
2026-08-09 22:01:07,product-service,200,82.84,38.6,92.7,True
2026-08-09 22:01:12,product-service,200,62.0,33.8,93.0,True
2026-08-09 22:01:18,product-service,200,79.02,20.3,93.0,True
2026-08-09 22:01:23,product-service,200,71.95,44.6,92.9,True
2026-08-09 22:01:28,product-service,200,75.6,12.5,94.8,True
2026-08-09 22:01:33,product-service,200,73.25,54.1,94.9,True
2026-08-09 22:01:38,product-service,200,95.31,12.7,95.4,True
2026-08-09 22:01:44,product-service,200,103.83,16.9,95.3,True
2026-08-09 22:01:49,product-service,200,89.99,62.2,95.5,True
2026-08-09 22:01:54,product-service,200,96.13,27.7,95.5,True
2026-08-09 22:01:59,product-service,200,84.85,12.3,95.2,True
2026-08-09 22:02:04,product-service,200,100.9,16.7,94.5,True
2026-08-09 22:02:10,product-service,200,92.7,17.6,94.4,True
2026-08-09 22:02:15,product-service,200,98.93,12.7,94.3,True
2026-08-09 22:02:20,product-service,200,120.02,8.3,94.3,True
2026-08-09 22:02:25,product-service,200,70.87,29.3,94.3,True
2026-08-09 22:02:31,product-service,200,79.22,10.5,94.3,True
2026-08-09 22:02:36,product-service,200,117.91,25.7,94.9,True
2026-08-09 22:02:41,product-service,200,81.96,31.9,95.0,True
2026-08-09 22:02:46,product-service,200,113.74,14.5,94.5,True
2026-08-09 22:02:51,product-service,200,124.3,15.4,94.4,True
2026-08-09 22:02:57,product-service,200,120.0,29.9,94.2,True
2026-08-09 22:03:02,product-service,200,100.88,14.3,94.1,True
2026-08-09 22:03:07,product-service,200,114.0,30.0,94.2,True
2026-08-09 22:03:13,product-service,200,228.83,19.5,94.2,True
2026-08-09 22:03:18,product-service,200,66.58,19.8,94.2,True
2026-08-09 22:03:23,product-service,200,107.76,21.8,94.2,True
2026-08-09 22:03:28,product-service,200,101.3,19.5,94.1,True
2026-08-09 22:03:33,product-service,200,110.39,22.8,95.2,True
2026-08-09 22:03:39,product-service,200,111.92,27.6,95.1,True
2026-08-09 22:03:44,product-service,200,111.65,11.4,94.8,True
2026-08-09 22:03:49,product-service,200,119.56,13.0,94.5,True
2026-08-09 22:03:54,product-service,200,108.5,13.0,94.6,True
2026-08-09 22:04:00,product-service,200,121.53,14.7,94.7,True
2026-08-09 22:04:05,product-service,200,116.7,31.5,94.4,True
2026-08-09 22:04:10,product-service,200,123.4,32.4,94.3,True
2026-08-09 22:04:15,product-service,200,131.9,21.6,94.2,True
2026-08-09 22:04:21,product-service,200,112.51,44.0,94.3,True
2026-08-09 22:04:26,product-service,200,125.78,10.5,94.2,True
2026-08-09 22:04:31,product-service,200,88.57,15.1,94.3,True
2026-08-09 22:04:36,product-service,200,141.87,13.9,95.4,True
2026-08-09 22:04:42,product-service,200,121.1,39.5,92.2,True
2026-08-09 22:04:47,product-service,200,119.09,13.0,89.5,True
2026-08-09 22:04:52,product-service,200,129.96,12.1,89.4,True
2026-08-09 22:04:57,product-service,200,111.54,35.2,89.5,True
2026-08-09 22:05:03,product-service,200,100.34,20.9,89.7,True
2026-08-09 22:05:08,product-service,200,100.56,25.0,90.2,True
2026-08-09 22:05:13,product-service,200,114.65,20.3,90.8,True
2026-08-09 22:05:18,product-service,200,117.57,18.4,90.7,True
2026-08-09 22:05:24,product-service,200,101.65,16.5,90.9,True
2026-08-09 22:05:29,product-service,200,113.58,41.2,91.4,True
2026-08-09 22:05:34,product-service,200,106.21,37.9,91.1,True
2026-08-09 22:05:39,product-service,200,214.54,15.1,91.1,True
2026-08-09 22:05:45,product-service,200,111.03,26.9,91.6,True
2026-08-09 22:05:50,product-service,200,91.26,57.5,92.5,True
2026-08-09 22:05:55,product-service,200,122.49,8.7,92.5,True
2026-08-09 22:06:00,product-service,200,129.98,10.1,92.3,True
2026-08-09 22:06:06,product-service,200,81.56,54.1,93.2,True
2026-08-09 22:06:11,product-service,200,92.14,32.5,93.3,True
2026-08-09 22:06:16,product-service,200,98.3,30.1,93.1,True
2026-08-09 22:06:21,product-service,200,106.9,17.5,93.0,True
2026-08-09 22:06:27,product-service,200,127.04,23.5,93.0,True
2026-08-09 22:06:32,product-service,200,96.15,18.5,93.1,True
2026-08-09 22:06:37,product-service,200,94.28,16.0,92.8,True
2026-08-09 22:06:42,product-service,200,207.25,19.0,93.1,True
2026-08-09 22:06:48,product-service,200,117.61,13.0,93.1,True
2026-08-09 22:06:53,product-service,200,124.41,11.1,93.1,True
2026-08-09 22:06:58,product-service,200,113.76,7.0,93.0,True
2026-08-09 22:07:03,product-service,200,122.67,17.6,93.1,True
2026-08-09 22:07:09,product-service,200,101.54,25.0,93.4,True
2026-08-09 22:07:14,product-service,200,104.63,15.5,93.4,True
2026-08-09 22:07:19,product-service,200,128.25,31.8,93.1,True
2026-08-09 22:07:24,product-service,200,116.55,9.1,93.0,True
2026-08-09 22:07:30,product-service,200,109.46,14.3,93.3,True
2026-08-09 22:07:35,product-service,200,123.57,12.3,93.3,True
2026-08-09 22:07:40,product-service,200,120.1,21.7,93.4,True
2026-08-09 22:07:45,product-service,200,110.53,30.3,93.3,True
2026-08-09 22:07:51,product-service,200,130.45,24.7,93.4,True
2026-08-09 22:07:56,product-service,200,216.92,17.3,93.5,True
2026-08-09 22:08:01,product-service,200,90.79,12.3,93.7,True
2026-08-09 22:08:06,product-service,200,116.31,12.2,93.4,True
2026-08-09 22:08:12,product-service,200,119.52,38.8,93.7,True
2026-08-09 22:08:17,product-service,200,87.2,25.3,93.7,True
2026-08-09 22:08:22,product-service,200,82.22,32.9,93.7,True
2026-08-09 22:08:27,product-service,200,100.75,27.1,93.5,True
2026-08-09 22:08:32,product-service,200,114.58,29.1,94.0,True
2026-08-09 22:08:38,product-service,200,110.32,18.1,93.7,True
2026-08-09 22:08:43,product-service,200,87.67,15.5,93.6,True
2026-08-09 22:08:48,product-service,200,89.8,27.9,93.5,True
2026-08-09 22:08:53,product-service,200,105.96,10.1,93.1,True
2026-08-09 22:08:59,product-service,200,79.21,16.7,93.3,True
2026-08-09 22:09:04,product-service,200,111.53,20.6,93.3,True
2026-08-09 22:09:09,product-service,200,99.79,28.6,93.1,True
2026-08-09 22:09:14,product-service,200,121.51,9.1,93.1,True
2026-08-09 22:09:19,product-service,200,110.84,8.0,92.8,True
2026-08-09 22:09:25,product-service,200,123.1,18.4,92.8,True
2026-08-09 22:09:30,product-service,200,128.71,11.4,93.1,True
2026-08-09 22:09:35,product-service,200,105.12,14.5,93.1,True
2026-08-09 22:09:40,product-service,200,117.09,34.6,93.1,True
2026-08-09 22:09:46,product-service,200,111.09,12.1,89.0,True
2026-08-09 22:09:51,product-service,200,103.28,23.6,91.5,True
2026-08-09 22:09:56,product-service,200,109.75,17.4,91.4,True
2026-08-09 22:10:01,product-service,200,90.75,22.5,91.3,True
2026-08-09 22:10:07,product-service,200,95.91,25.0,91.4,True
2026-08-09 22:10:12,product-service,200,115.96,18.7,91.5,True
2026-08-09 22:10:17,product-service,200,131.44,29.1,91.5,True
2026-08-09 22:10:22,product-service,200,116.65,31.9,91.6,True
2026-08-09 22:10:28,product-service,200,77.47,52.4,91.6,True
2026-08-09 22:10:33,product-service,200,109.04,32.9,91.9,True
2026-08-09 22:10:38,product-service,200,94.12,20.5,91.9,True
2026-08-09 22:10:43,product-service,200,122.22,8.5,91.7,True
2026-08-09 22:10:48,product-service,200,103.13,10.7,91.7,True
2026-08-09 22:10:54,product-service,200,123.29,13.9,91.7,True
2026-08-09 22:10:59,product-service,200,108.95,13.7,91.8,True
2026-08-09 22:11:04,product-service,200,82.72,15.7,91.8,True
2026-08-09 22:11:09,product-service,200,122.58,17.1,91.7,True
2026-08-09 22:11:15,product-service,200,84.59,21.1,92.0,True
2026-08-09 22:11:20,product-service,200,97.02,16.9,92.0,True
2026-08-09 22:11:25,product-service,200,94.5,39.7,92.2,True
2026-08-09 22:11:30,product-service,200,120.71,21.6,92.0,True
2026-08-09 22:11:36,product-service,200,103.11,11.8,92.4,True
